IdCliente,Segmento,NivelRiesgo,ProbRespuesta,SesionesUltimos90d,RecompensaSugerida,CostoSugerido,Recompensa,Costo,ValorIncremental,ValorEsperado,Eficiencia,GastoAcumulado,Asignada,MotivoDecision
900838,VIP,Medio,0.8186,125,baja,5.0,baja,5.0,196.528,155.88,31.176,5.0,True,Asignada
900070,VIP,Medio,0.7654,110,baja,5.0,baja,5.0,189.0707,139.71,27.943,10.0,True,Asignada
900809,VIP,Medio,0.8666,109,baja,5.0,baja,5.0,147.1327,122.51,24.501,15.0,True,Asignada
900748,VIP,Medio,0.668,107,baja,5.0,baja,5.0,176.1049,112.64,22.528,20.0,True,Asignada
900587,VIP,Medio,0.6958,99,baja,5.0,baja,5.0,150.7683,99.9,19.981,25.0,True,Asignada
900790,VIP,Medio,0.7194,104,baja,5.0,baja,5.0,142.5101,97.52,19.504,30.0,True,Asignada
900204,VIP,Medio,0.6635,127,baja,5.0,baja,5.0,151.1913,95.32,19.063,35.0,True,Asignada
900363,VIP,Medio,0.6533,111,baja,5.0,baja,5.0,151.1882,93.77,18.754,40.0,True,Asignada
900799,VIP,Medio,0.7204,124,baja,5.0,baja,5.0,135.3766,92.53,18.505,45.0,True,Asignada
900337,VIP,Medio,0.6021,117,baja,5.0,baja,5.0,159.334,90.94,18.187,50.0,True,Asignada
900003,VIP,Medio,0.679,131,baja,5.0,baja,5.0,136.9404,87.98,17.597,55.0,True,Asignada
900508,VIP,Medio,0.711,104,baja,5.0,baja,5.0,124.0929,83.23,16.646,60.0,True,Asignada
900581,VIP,Medio,0.6455,121,baja,5.0,baja,5.0,129.6583,78.69,15.739,65.0,True,Asignada
900733,VIP,Medio,0.6635,114,baja,5.0,baja,5.0,122.2668,76.12,15.225,70.0,True,Asignada
900021,VIP,Medio,0.6344,109,baja,5.0,baja,5.0,122.2745,72.57,14.514,75.0,True,Asignada
900279,VIP,Medio,0.6688,104,baja,5.0,baja,5.0,115.401,72.18,14.436,80.0,True,Asignada
900481,VIP,Medio,0.5742,127,baja,5.0,baja,5.0,131.6762,70.61,14.122,85.0,True,Asignada
900212,VIP,Medio,0.667,100,baja,5.0,baja,5.0,110.2134,68.51,13.702,90.0,True,Asignada
900460,VIP,Medio,0.6971,101,baja,5.0,baja,5.0,103.5094,67.16,13.431,95.0,True,Asignada
900764,VIP,Medio,0.7391,127,baja,5.0,baja,5.0,97.274,66.9,13.379,100.0,True,Asignada
900225,Alto,Medio,0.7129,111,baja,5.0,baja,5.0,98.6068,65.3,13.059,105.0,True,Asignada
900019,VIP,Medio,0.6844,110,baja,5.0,baja,5.0,102.148,64.91,12.982,110.0,True,Asignada
900072,VIP,Medio,0.7204,101,baja,5.0,baja,5.0,96.7474,64.7,12.939,115.0,True,Asignada
900029,VIP,Medio,0.6634,128,baja,5.0,baja,5.0,104.4317,64.28,12.856,120.0,True,Asignada
900221,VIP,Medio,0.6624,125,baja,5.0,baja,5.0,102.8891,63.15,12.631,125.0,True,Asignada
900280,VIP,Medio,0.5917,117,baja,5.0,baja,5.0,115.0767,63.09,12.618,130.0,True,Asignada
900366,VIP,Medio,0.686,110,baja,5.0,baja,5.0,98.6799,62.69,12.539,135.0,True,Asignada
900723,VIP,Medio,0.6709,139,baja,5.0,baja,5.0,100.649,62.53,12.505,140.0,True,Asignada
900219,VIP,Medio,0.696,107,baja,5.0,baja,5.0,96.1042,61.89,12.378,145.0,True,Asignada
900851,VIP,Medio,0.7129,110,baja,5.0,baja,5.0,93.7703,61.85,12.37,150.0,True,Asignada
900232,VIP,Medio,0.7102,109,baja,5.0,baja,5.0,92.6746,60.82,12.164,155.0,True,Asignada
900188,VIP,Medio,0.679,98,baja,5.0,baja,5.0,94.7777,59.35,11.871,160.0,True,Asignada
900660,VIP,Medio,0.666,117,baja,5.0,baja,5.0,94.9553,58.24,11.648,165.0,True,Asignada
900573,VIP,Medio,0.6861,110,baja,5.0,baja,5.0,91.8506,58.02,11.604,170.0,True,Asignada
900257,VIP,Medio,0.6838,125,baja,5.0,baja,5.0,92.1529,58.01,11.603,175.0,True,Asignada
900087,VIP,Medio,0.6931,119,baja,5.0,baja,5.0,90.5526,57.76,11.552,180.0,True,Asignada
900606,VIP,Medio,0.6652,90,baja,5.0,baja,5.0,93.9942,57.52,11.505,185.0,True,Asignada
900207,VIP,Medio,0.6472,105,baja,5.0,baja,5.0,95.8374,57.03,11.405,190.0,True,Asignada
900173,Alto,Medio,0.7466,103,baja,5.0,baja,5.0,82.3954,56.52,11.303,195.0,True,Asignada
900388,Alto,Bajo,0.7045,109,baja,5.0,baja,5.0,86.326,55.82,11.163,200.0,True,Asignada
900739,VIP,Medio,0.7189,109,baja,5.0,baja,5.0,84.3768,55.66,11.132,205.0,True,Asignada
900292,VIP,Medio,0.6856,115,baja,5.0,baja,5.0,88.0927,55.4,11.079,210.0,True,Asignada
900709,VIP,Medio,0.6971,118,baja,5.0,baja,5.0,85.9454,54.91,10.983,215.0,True,Asignada
900600,Alto,Medio,0.6679,110,baja,5.0,baja,5.0,88.7134,54.25,10.85,220.0,True,Asignada
900747,VIP,Medio,0.6466,123,baja,5.0,baja,5.0,90.8918,53.77,10.754,225.0,True,Asignada
900326,VIP,Medio,0.6466,124,baja,5.0,baja,5.0,90.2311,53.34,10.669,230.0,True,Asignada
900551,Alto,Medio,0.6262,113,baja,5.0,baja,5.0,93.0516,53.27,10.654,235.0,True,Asignada
900654,VIP,Medio,0.686,109,baja,5.0,baja,5.0,84.4394,52.93,10.585,240.0,True,Asignada
900050,VIP,Medio,0.6241,115,baja,5.0,baja,5.0,92.2514,52.57,10.515,245.0,True,Asignada
900628,VIP,Medio,0.6757,111,baja,5.0,baja,5.0,84.926,52.38,10.477,250.0,True,Asignada
900464,VIP,Medio,0.7234,107,baja,5.0,baja,5.0,79.1336,52.25,10.449,255.0,True,Asignada
900614,VIP,Medio,0.7845,122,baja,5.0,baja,5.0,72.7308,52.06,10.411,260.0,True,Asignada
900071,VIP,Medio,0.7134,110,baja,5.0,baja,5.0,79.5895,51.78,10.356,265.0,True,Asignada
900348,Alto,Bajo,0.8457,91,baja,5.0,baja,5.0,66.6761,51.39,10.278,270.0,True,Asignada
900632,VIP,Medio,0.728,126,baja,5.0,baja,5.0,77.444,51.38,10.276,275.0,True,Asignada
900734,Alto,Medio,0.7225,118,baja,5.0,baja,5.0,77.8177,51.22,10.245,280.0,True,Asignada
900586,VIP,Medio,0.7004,115,baja,5.0,baja,5.0,79.4411,50.64,10.128,285.0,True,Asignada
900818,Alto,Medio,0.6658,117,baja,5.0,baja,5.0,82.1172,49.67,9.935,290.0,True,Asignada
900574,VIP,Medio,0.5737,119,baja,5.0,baja,5.0,94.827,49.4,9.88,295.0,True,Asignada
900073,VIP,Medio,0.606,122,baja,5.0,baja,5.0,89.633,49.32,9.864,300.0,True,Asignada
900105,VIP,Medio,0.6886,136,baja,5.0,baja,5.0,78.5468,49.09,9.817,305.0,True,Asignada
900273,VIP,Medio,0.6241,132,baja,5.0,baja,5.0,82.3382,46.39,9.277,310.0,True,Asignada
900054,VIP,Medio,0.6189,111,baja,5.0,baja,5.0,80.5415,44.85,8.969,315.0,True,Asignada
900449,VIP,Medio,0.6439,114,baja,5.0,baja,5.0,77.3722,44.82,8.964,320.0,True,Asignada
900042,VIP,Medio,0.6251,115,baja,5.0,baja,5.0,79.3245,44.59,8.917,325.0,True,Asignada
900006,VIP,Medio,0.6658,130,baja,5.0,baja,5.0,74.0409,44.3,8.859,330.0,True,Asignada
900465,VIP,Medio,0.6679,112,baja,5.0,baja,5.0,73.5451,44.12,8.824,335.0,True,Asignada
900751,Alto,Bajo,0.6971,104,baja,5.0,baja,5.0,70.352,44.04,8.808,340.0,True,Asignada
900565,Alto,Medio,0.6931,112,baja,5.0,baja,5.0,70.5295,43.88,8.777,345.0,True,Asignada
900004,VIP,Medio,0.6639,106,baja,5.0,baja,5.0,72.4222,43.08,8.616,350.0,True,Asignada
900774,VIP,Medio,0.6573,113,baja,5.0,baja,5.0,72.6235,42.74,8.547,355.0,True,Asignada
900121,VIP,Medio,0.7018,129,baja,5.0,baja,5.0,67.8448,42.61,8.523,360.0,True,Asignada
900416,VIP,Medio,0.6241,115,baja,5.0,baja,5.0,75.4254,42.07,8.415,365.0,True,Asignada
900060,VIP,Medio,0.6844,104,baja,5.0,baja,5.0,68.6603,41.99,8.398,370.0,True,Asignada
900016,VIP,Medio,0.7609,112,baja,5.0,baja,5.0,61.6739,41.93,8.386,375.0,True,Asignada
900444,Alto,Medio,0.679,113,baja,5.0,baja,5.0,69.0827,41.91,8.381,380.0,True,Asignada
900093,VIP,Medio,0.6971,118,baja,5.0,baja,5.0,66.8363,41.59,8.318,385.0,True,Asignada
900067,VIP,Medio,0.6745,115,baja,5.0,baja,5.0,68.3037,41.07,8.214,390.0,True,Asignada
900331,Alto,Bajo,0.6643,106,baja,5.0,baja,5.0,69.167,40.95,8.19,395.0,True,Asignada
900383,VIP,Medio,0.6624,101,baja,5.0,baja,5.0,69.0391,40.73,8.146,400.0,True,Asignada
900832,VIP,Medio,0.6916,130,baja,5.0,baja,5.0,65.4656,40.28,8.055,405.0,True,Asignada
900711,VIP,Medio,0.6624,124,baja,5.0,baja,5.0,68.2613,40.22,8.043,410.0,True,Asignada
900864,VIP,Medio,0.7347,132,baja,5.0,baja,5.0,61.3923,40.1,8.021,415.0,True,Asignada
900304,VIP,Medio,0.6688,113,baja,5.0,baja,5.0,66.9307,39.76,7.953,420.0,True,Asignada
900287,VIP,Medio,0.6971,112,baja,5.0,baja,5.0,63.9443,39.58,7.915,425.0,True,Asignada
900519,Alto,Medio,0.7037,116,baja,5.0,baja,5.0,63.2678,39.52,7.904,430.0,True,Asignada
900400,VIP,Medio,0.6351,115,baja,5.0,baja,5.0,69.6023,39.2,7.841,435.0,True,Asignada
900286,VIP,Medio,0.6573,93,baja,5.0,baja,5.0,67.1094,39.11,7.822,440.0,True,Asignada
900192,VIP,Medio,0.6958,124,baja,5.0,baja,5.0,63.2516,39.01,7.802,445.0,True,Asignada
900382,Alto,Bajo,0.6466,108,baja,5.0,baja,5.0,67.385,38.57,7.714,450.0,True,Asignada
900110,VIP,Bajo,0.6454,111,baja,5.0,baja,5.0,67.4652,38.54,7.708,455.0,True,Asignada
900024,VIP,Medio,0.6351,115,baja,5.0,baja,5.0,68.4638,38.48,7.696,460.0,True,Asignada
900373,Alto,Medio,0.6454,116,baja,5.0,baja,5.0,67.3135,38.44,7.689,465.0,True,Asignada
900303,Alto,Medio,0.668,113,baja,5.0,baja,5.0,64.6578,38.19,7.638,470.0,True,Asignada
900685,VIP,Medio,0.6931,109,baja,5.0,baja,5.0,62.288,38.17,7.634,475.0,True,Asignada
900886,VIP,Medio,0.6916,111,baja,5.0,baja,5.0,62.0006,37.88,7.576,480.0,True,Asignada
900708,VIP,Medio,0.6916,119,baja,5.0,baja,5.0,61.856,37.78,7.556,485.0,True,Asignada
900669,VIP,Medio,0.6901,113,baja,5.0,baja,5.0,61.9515,37.75,7.551,490.0,True,Asignada
900151,Alto,Medio,0.8457,153,baja,5.0,baja,5.0,50.2383,37.49,7.497,495.0,True,Asignada
900264,Alto,Medio,0.6844,97,baja,5.0,baja,5.0,61.8769,37.35,7.47,500.0,True,Asignada
900415,Alto,Bajo,0.6652,107,baja,5.0,baja,5.0,63.1915,37.03,7.407,505.0,True,Asignada
900884,Alto,Medio,0.6675,115,baja,5.0,baja,5.0,62.8318,36.94,7.388,510.0,True,Asignada
900698,VIP,Medio,0.4946,148,baja,5.0,baja,5.0,84.4846,36.79,7.357,515.0,True,Asignada
900804,VIP,Medio,0.6844,118,baja,5.0,baja,5.0,60.8821,36.67,7.334,520.0,True,Asignada
900783,VIP,Medio,0.6351,124,baja,5.0,baja,5.0,65.0385,36.31,7.261,525.0,True,Asignada
900504,Alto,Medio,0.6351,106,baja,5.0,baja,5.0,64.8049,36.16,7.232,530.0,True,Asignada
900341,Alto,Medio,0.7645,120,baja,5.0,baja,5.0,53.3749,35.81,7.161,535.0,True,Asignada
900178,Alto,Medio,0.6745,94,baja,5.0,baja,5.0,59.9504,35.44,7.087,540.0,True,Asignada
900812,VIP,Medio,0.6948,121,baja,5.0,baja,5.0,57.8645,35.2,7.041,545.0,True,Asignada
900474,VIP,Bajo,0.6773,113,baja,5.0,baja,5.0,59.0425,34.99,6.998,550.0,True,Asignada
900078,VIP,Medio,0.6445,116,baja,5.0,baja,5.0,61.7283,34.78,6.957,555.0,True,Asignada
900269,Alto,Medio,0.6241,103,baja,5.0,baja,5.0,63.6293,34.71,6.942,560.0,True,Asignada
900414,VIP,Medio,0.6639,104,baja,5.0,baja,5.0,59.5726,34.55,6.91,565.0,True,Asignada
900076,VIP,Bajo,0.7018,111,baja,5.0,baja,5.0,56.2393,34.47,6.894,570.0,True,Asignada
900182,VIP,Medio,0.6688,112,baja,5.0,baja,5.0,58.5241,34.14,6.828,575.0,True,Asignada
900352,Alto,Medio,0.6548,123,baja,5.0,baja,5.0,59.701,34.09,6.818,580.0,True,Asignada
900619,Alto,Bajo,0.6856,121,baja,5.0,baja,5.0,56.8058,33.95,6.789,585.0,True,Asignada
900223,Alto,Bajo,0.6307,114,baja,5.0,baja,5.0,61.39,33.72,6.744,590.0,True,Asignada
900813,Alto,Bajo,0.6556,115,baja,5.0,baja,5.0,58.7839,33.54,6.708,595.0,True,Asignada
900058,Alto,Bajo,0.686,94,baja,5.0,baja,5.0,56.0005,33.42,6.683,600.0,True,Asignada
900761,VIP,Medio,0.6454,130,baja,5.0,baja,5.0,59.2118,33.22,6.643,605.0,True,Asignada
900768,Alto,Medio,0.6643,105,baja,5.0,baja,5.0,57.5073,33.2,6.64,610.0,True,Asignada
900793,Alto,Bajo,0.6635,94,baja,5.0,baja,5.0,57.4572,33.12,6.625,615.0,True,Asignada
900803,VIP,Medio,0.6757,93,baja,5.0,baja,5.0,56.3042,33.04,6.609,620.0,True,Asignada
900494,Alto,Bajo,0.6351,105,baja,5.0,baja,5.0,59.2312,32.62,6.524,625.0,True,Asignada
900336,Alto,Bajo,0.6488,111,baja,5.0,baja,5.0,57.809,32.51,6.501,630.0,True,Asignada
900579,VIP,Medio,0.6925,105,baja,5.0,baja,5.0,54.0898,32.46,6.491,635.0,True,Asignada
900234,Alto,Medio,0.8299,102,baja,5.0,baja,5.0,44.9701,32.32,6.464,640.0,True,Asignada
900148,Medio,Bajo,0.6886,104,baja,5.0,baja,5.0,53.4994,31.84,6.368,645.0,True,Asignada
900164,Alto,Medio,0.6652,107,baja,5.0,baja,5.0,55.3841,31.84,6.368,650.0,True,Asignada
900290,Alto,Bajo,0.6773,107,baja,5.0,baja,5.0,53.9104,31.51,6.303,655.0,True,Asignada
900298,VIP,Medio,0.6351,126,baja,5.0,baja,5.0,57.486,31.51,6.302,660.0,True,Asignada
900489,VIP,Bajo,0.6971,102,baja,5.0,baja,5.0,52.279,31.44,6.289,665.0,True,Asignada
900237,VIP,Bajo,0.6454,112,baja,5.0,baja,5.0,56.444,31.43,6.286,670.0,True,Asignada
900266,Alto,Bajo,0.6351,106,baja,5.0,baja,5.0,57.2557,31.36,6.273,675.0,True,Asignada
900196,Alto,Bajo,0.6769,120,baja,5.0,baja,5.0,52.9026,30.81,6.162,680.0,True,Asignada
900301,VIP,Medio,0.6926,128,baja,5.0,baja,5.0,51.6831,30.8,6.159,685.0,True,Asignada
900146,Alto,Medio,0.6361,107,baja,5.0,baja,5.0,56.179,30.74,6.147,690.0,True,Asignada
900236,Alto,Medio,0.6565,128,baja,5.0,baja,5.0,54.4231,30.73,6.146,695.0,True,Asignada
900462,VIP,Medio,0.7204,107,baja,5.0,baja,5.0,49.5872,30.72,6.145,700.0,True,Asignada
900703,Alto,Medio,0.6361,115,baja,5.0,baja,5.0,56.1489,30.72,6.143,705.0,True,Asignada
900557,Alto,Bajo,0.6556,107,baja,5.0,baja,5.0,54.0052,30.41,6.081,710.0,True,Asignada
900428,VIP,Medio,0.6573,120,baja,5.0,baja,5.0,53.2928,30.03,6.006,715.0,True,Asignada
900816,VIP,Bajo,0.7129,121,baja,5.0,baja,5.0,48.7816,29.78,5.955,720.0,True,Asignada
900147,VIP,Medio,0.6454,98,baja,5.0,baja,5.0,53.8004,29.72,5.945,725.0,True,Asignada
900490,Alto,Bajo,0.6679,122,baja,5.0,baja,5.0,51.9128,29.67,5.935,730.0,True,Asignada
900329,Alto,Bajo,0.6925,110,baja,5.0,baja,5.0,49.9907,29.62,5.924,735.0,True,Asignada
900687,Alto,Bajo,0.5963,129,baja,5.0,baja,5.0,57.9302,29.54,5.909,740.0,True,Asignada
900870,VIP,Bajo,0.6688,113,baja,5.0,baja,5.0,51.6402,29.54,5.907,745.0,True,Asignada
900731,Alto,Medio,0.6754,118,baja,5.0,baja,5.0,50.8945,29.37,5.875,750.0,True,Asignada
900478,Alto,Medio,0.7304,110,baja,5.0,baja,5.0,46.565,29.01,5.802,755.0,True,Asignada
900540,Alto,Bajo,0.6241,120,baja,5.0,baja,5.0,54.3427,28.92,5.783,760.0,True,Asignada
900476,Alto,Medio,0.6745,119,baja,5.0,baja,5.0,50.183,28.85,5.77,765.0,True,Asignada
900536,VIP,Medio,0.6688,108,baja,5.0,baja,5.0,50.5448,28.8,5.761,770.0,True,Asignada
900118,Alto,Bajo,0.6351,111,baja,5.0,baja,5.0,53.1775,28.77,5.755,775.0,True,Asignada
900229,Alto,Bajo,0.6241,112,baja,5.0,baja,5.0,54.0805,28.75,5.75,780.0,True,Asignada
900485,Alto,Medio,0.6351,99,baja,5.0,baja,5.0,52.8829,28.59,5.717,785.0,True,Asignada
900030,Alto,Bajo,0.6573,118,baja,5.0,baja,5.0,51.0708,28.57,5.714,790.0,True,Asignada
900372,Alto,Bajo,0.6241,86,baja,5.0,baja,5.0,53.777,28.56,5.712,795.0,True,Asignada
900658,Alto,Bajo,0.6754,108,baja,5.0,baja,5.0,49.5594,28.47,5.694,800.0,True,Asignada
900136,Alto,Medio,0.6583,108,baja,5.0,baja,5.0,50.7404,28.4,5.68,805.0,True,Asignada
900161,VIP,Medio,0.7187,112,baja,5.0,baja,5.0,46.3362,28.3,5.66,810.0,True,Asignada
900094,Alto,Bajo,0.6344,116,baja,5.0,baja,5.0,51.9128,27.93,5.587,815.0,True,Asignada
900874,Alto,Bajo,0.6454,107,baja,5.0,baja,5.0,50.9056,27.85,5.571,820.0,True,Asignada
900437,VIP,Medio,0.6583,107,baja,5.0,baja,5.0,49.8661,27.83,5.565,825.0,True,Asignada
900781,VIP,Medio,0.6593,115,baja,5.0,baja,5.0,49.774,27.82,5.563,830.0,True,Asignada
900222,Alto,Bajo,0.6454,110,baja,5.0,baja,5.0,50.7514,27.75,5.551,835.0,True,Asignada
900880,Alto,Bajo,0.6351,127,baja,5.0,baja,5.0,51.5539,27.74,5.548,840.0,True,Asignada
900299,VIP,Medio,0.6573,119,baja,5.0,baja,5.0,49.6812,27.66,5.531,845.0,True,Asignada
900312,Alto,Bajo,0.6344,115,baja,5.0,baja,5.0,51.4657,27.65,5.53,850.0,True,Asignada
900879,Alto,Bajo,0.6241,114,baja,5.0,baja,5.0,52.2891,27.63,5.527,855.0,True,Asignada
900778,Alto,Medio,0.686,112,baja,5.0,baja,5.0,47.3168,27.46,5.492,860.0,True,Asignada
900599,VIP,Medio,0.6351,114,baja,5.0,baja,5.0,50.92,27.34,5.468,865.0,True,Asignada
900554,Alto,Bajo,0.686,122,baja,5.0,baja,5.0,46.977,27.23,5.445,870.0,True,Asignada
900407,Alto,Medio,0.6351,108,baja,5.0,baja,5.0,50.7404,27.23,5.445,875.0,True,Asignada
900839,Alto,Medio,0.6344,115,baja,5.0,baja,5.0,50.6295,27.12,5.424,880.0,True,Asignada
900323,Alto,Bajo,0.6565,129,baja,5.0,baja,5.0,48.6989,26.97,5.394,885.0,True,Asignada
900175,Alto,Medio,0.6351,104,baja,5.0,baja,5.0,50.1811,26.87,5.374,890.0,True,Asignada
900194,Alto,Medio,0.667,114,baja,5.0,baja,5.0,47.4437,26.64,5.329,895.0,True,Asignada
900413,Alto,Bajo,0.5852,101,baja,5.0,baja,5.0,53.5125,26.32,5.263,900.0,True,Asignada
900857,Alto,Medio,0.679,111,baja,5.0,baja,5.0,46.1044,26.3,5.261,905.0,True,Asignada
900688,Alto,Medio,0.6583,118,baja,5.0,baja,5.0,47.5362,26.29,5.259,910.0,True,Asignada
900538,Alto,Bajo,0.6344,115,baja,5.0,baja,5.0,49.23,26.23,5.246,915.0,True,Asignada
900648,Alto,Bajo,0.6351,106,baja,5.0,baja,5.0,48.9036,26.06,5.212,920.0,True,Asignada
900873,Alto,Medio,0.6958,88,baja,5.0,baja,5.0,44.5508,26.0,5.2,925.0,True,Asignada
900667,Alto,Bajo,0.6463,111,baja,5.0,baja,5.0,47.9336,25.98,5.196,930.0,True,Asignada
900814,Alto,Bajo,0.6556,121,baja,5.0,baja,5.0,47.1608,25.92,5.184,935.0,True,Asignada
900265,VIP,Bajo,0.7018,116,baja,5.0,baja,5.0,43.9051,25.81,5.163,940.0,True,Asignada
900056,Alto,Bajo,0.5733,112,baja,5.0,baja,5.0,53.699,25.79,5.157,945.0,True,Asignada
900046,VIP,Bajo,0.6445,102,baja,5.0,baja,5.0,47.7331,25.76,5.153,950.0,True,Asignada
900244,Alto,Bajo,0.6838,109,baja,5.0,baja,5.0,44.7912,25.63,5.126,955.0,True,Asignada
900844,Alto,Bajo,0.6429,109,baja,5.0,baja,5.0,47.5627,25.58,5.116,960.0,True,Asignada
900483,VIP,Medio,0.6675,117,baja,5.0,baja,5.0,45.704,25.51,5.101,965.0,True,Asignada
900559,VIP,Medio,0.6466,115,baja,5.0,baja,5.0,46.841,25.29,5.057,970.0,True,Asignada
900620,Alto,Medio,0.7391,105,baja,5.0,baja,5.0,40.6736,25.06,5.012,975.0,True,Asignada
900866,VIP,Medio,0.6948,116,baja,5.0,baja,5.0,43.2457,25.05,5.009,980.0,True,Asignada
900847,Alto,Bajo,0.6241,112,baja,5.0,baja,5.0,47.722,24.78,4.957,985.0,True,Asignada
900547,Alto,Medio,0.6241,110,baja,5.0,baja,5.0,47.6549,24.74,4.948,990.0,True,Asignada
900427,Alto,Bajo,0.6652,104,baja,5.0,baja,5.0,44.2002,24.4,4.88,995.0,True,Asignada
900385,Alto,Bajo,0.6565,129,baja,5.0,baja,5.0,44.4862,24.21,4.841,1000.0,True,Asignada
900270,Alto,Bajo,0.6351,105,baja,5.0,baja,5.0,45.7177,24.04,4.807,1005.0,True,Asignada
900231,Alto,Medio,0.6745,117,baja,5.0,baja,5.0,43.0387,24.03,4.806,1010.0,True,Asignada
900773,Alto,Medio,0.6241,115,baja,5.0,baja,5.0,46.5042,24.02,4.805,1015.0,True,Asignada
900621,Alto,Bajo,0.6565,125,baja,5.0,baja,5.0,43.8517,23.79,4.758,1020.0,True,Asignada
900278,VIP,Medio,0.6658,121,baja,5.0,baja,5.0,42.8516,23.53,4.706,1025.0,True,Asignada
900497,VIP,Medio,0.6568,99,baja,5.0,baja,5.0,43.4337,23.53,4.705,1030.0,True,Asignada
900101,Alto,Bajo,0.6481,114,baja,5.0,baja,5.0,43.9699,23.5,4.699,1035.0,True,Asignada
900854,VIP,Medio,0.6754,93,baja,5.0,baja,5.0,42.1341,23.46,4.691,1040.0,True,Asignada
900156,Alto,Medio,0.686,98,baja,5.0,baja,5.0,41.3819,23.39,4.678,1045.0,True,Asignada
900786,Alto,Medio,0.5133,127,baja,5.0,baja,5.0,54.8601,23.16,4.632,1050.0,True,Asignada
900320,Alto,Medio,0.6971,103,baja,5.0,baja,5.0,40.3983,23.16,4.632,1055.0,True,Asignada
900041,Alto,Bajo,0.6658,106,baja,5.0,baja,5.0,42.2739,23.15,4.629,1060.0,True,Asignada
900657,Alto,Bajo,0.5852,102,baja,5.0,baja,5.0,48.0378,23.11,4.622,1065.0,True,Asignada
900694,Alto,Bajo,0.6241,103,baja,5.0,baja,5.0,45.0094,23.09,4.618,1070.0,True,Asignada
900401,Alto,Medio,0.6639,106,baja,5.0,baja,5.0,42.2064,23.02,4.604,1075.0,True,Asignada
900727,Alto,Bajo,0.6476,128,baja,5.0,baja,5.0,42.7325,22.67,4.535,1080.0,True,Asignada
900572,Alto,Bajo,0.6351,103,baja,5.0,baja,5.0,43.3356,22.52,4.504,1085.0,True,Asignada
900769,Alto,Bajo,0.6351,116,baja,5.0,baja,5.0,43.0389,22.33,4.467,1090.0,True,Asignada
900302,Alto,Medio,0.6241,116,baja,5.0,baja,5.0,43.7263,22.29,4.458,1095.0,True,Asignada
900152,VIP,Bajo,0.6679,107,baja,5.0,baja,5.0,40.8443,22.28,4.456,1100.0,True,Asignada
900663,Medio,Medio,0.668,121,baja,5.0,baja,5.0,40.7416,22.22,4.443,1105.0,True,Asignada
900700,Alto,Bajo,0.6658,117,baja,5.0,baja,5.0,40.8613,22.21,4.441,1110.0,True,Asignada
900034,Alto,Bajo,0.6556,103,baja,5.0,baja,5.0,41.2208,22.02,4.405,1115.0,True,Asignada
900627,VIP,Bajo,0.7466,105,baja,5.0,baja,5.0,36.0993,21.95,4.39,1120.0,True,Asignada
900609,Medio,Bajo,0.6466,121,baja,5.0,baja,5.0,41.4288,21.79,4.358,1125.0,True,Asignada
900113,Medio,Bajo,0.6466,100,baja,5.0,baja,5.0,41.3841,21.76,4.352,1130.0,True,Asignada
900634,Alto,Bajo,0.6568,106,baja,5.0,baja,5.0,40.6557,21.7,4.341,1135.0,True,Asignada
900044,Alto,Bajo,0.6351,125,baja,5.0,baja,5.0,41.8668,21.59,4.318,1140.0,True,Asignada
900479,VIP,Bajo,0.6598,118,baja,5.0,baja,5.0,40.1275,21.48,4.295,1145.0,True,Asignada
900342,Alto,Medio,0.6241,111,baja,5.0,baja,5.0,42.1751,21.32,4.264,1150.0,True,Asignada
900245,Alto,Bajo,0.6351,118,baja,5.0,baja,5.0,41.3842,21.28,4.257,1155.0,True,Asignada
900695,Medio,Bajo,0.6769,113,baja,5.0,baja,5.0,38.7324,21.22,4.244,1160.0,True,Asignada
900771,Alto,Bajo,0.6351,113,baja,5.0,baja,5.0,41.1793,21.15,4.231,1165.0,True,Asignada
900038,Alto,Bajo,0.6556,103,baja,5.0,baja,5.0,39.8897,21.15,4.23,1170.0,True,Asignada
900128,Medio,Bajo,0.6931,121,baja,5.0,baja,5.0,37.5732,21.04,4.208,1175.0,True,Asignada
900358,Alto,Bajo,0.6565,111,baja,5.0,baja,5.0,39.5681,20.98,4.195,1180.0,True,Asignada
900501,Alto,Bajo,0.6454,104,baja,5.0,baja,5.0,40.111,20.89,4.178,1185.0,True,Asignada
900736,Alto,Bajo,0.5953,98,baja,5.0,baja,5.0,43.446,20.86,4.173,1190.0,True,Asignada
900616,Alto,Bajo,0.6351,109,baja,5.0,baja,5.0,40.7199,20.86,4.172,1195.0,True,Asignada
900517,Medio,Bajo,0.6844,121,baja,5.0,baja,5.0,37.751,20.84,4.167,1200.0,True,Asignada
900375,Medio,Bajo,0.6351,125,baja,5.0,baja,5.0,40.3232,20.61,4.122,1205.0,True,Asignada
900134,Alto,Bajo,0.6344,120,baja,5.0,baja,5.0,40.3101,20.57,4.115,1210.0,True,Asignada
900247,Alto,Medio,0.6583,126,baja,5.0,baja,5.0,38.8471,20.57,4.115,1215.0,True,Asignada
900521,Alto,Medio,0.6565,113,baja,5.0,baja,5.0,38.935,20.56,4.112,1220.0,True,Asignada
900296,Alto,Medio,0.6361,110,baja,5.0,baja,5.0,40.1708,20.55,4.111,1225.0,True,Asignada
900802,Medio,Bajo,0.6454,102,baja,5.0,baja,5.0,39.3627,20.4,4.081,1230.0,True,Asignada
900203,Alto,Bajo,0.6351,128,baja,5.0,baja,5.0,39.995,20.4,4.08,1235.0,True,Asignada
900558,Alto,Bajo,0.6548,114,baja,5.0,baja,5.0,38.497,20.21,4.042,1240.0,True,Asignada
900012,Alto,Bajo,0.6241,114,baja,5.0,baja,5.0,40.3101,20.16,4.032,1245.0,True,Asignada
900022,Alto,Medio,0.6454,104,baja,5.0,baja,5.0,38.8143,20.05,4.01,1250.0,True,Asignada
900514,Alto,Bajo,0.6454,115,baja,5.0,baja,5.0,38.7172,19.99,3.998,1255.0,True,Asignada
900365,Alto,Medio,0.6241,112,baja,5.0,baja,5.0,39.9832,19.95,3.991,1260.0,True,Asignada
900511,Alto,Bajo,0.615,96,baja,5.0,baja,5.0,40.5359,19.93,3.986,1265.0,True,Asignada
900791,Alto,Bajo,0.6472,116,baja,5.0,baja,5.0,38.5118,19.92,3.985,1270.0,True,Asignada
900697,Alto,Bajo,0.6241,111,baja,5.0,baja,5.0,39.4341,19.61,3.922,1275.0,True,Asignada
900364,Alto,Bajo,0.679,100,baja,5.0,baja,5.0,35.7681,19.29,3.857,1280.0,True,Asignada
900059,Alto,Bajo,0.6529,136,baja,5.0,baja,5.0,36.8906,19.09,3.817,1285.0,True,Asignada
900673,Alto,Bajo,0.6379,117,baja,5.0,baja,5.0,37.6686,19.03,3.806,1290.0,True,Asignada
900255,Alto,Medio,0.6241,114,baja,5.0,baja,5.0,38.1612,18.82,3.763,1295.0,True,Asignada
900509,Alto,Bajo,0.6344,107,baja,5.0,baja,5.0,37.4295,18.75,3.749,1300.0,True,Asignada
900807,Alto,Medio,0.6241,111,baja,5.0,baja,5.0,37.8268,18.61,3.722,1305.0,True,Asignada
900002,Alto,Bajo,0.6241,101,baja,5.0,baja,5.0,37.6116,18.47,3.695,1310.0,True,Asignada
900457,VIP,Medio,0.7391,106,baja,5.0,baja,5.0,31.7364,18.46,3.691,1315.0,True,Asignada
900224,Alto,Medio,0.6624,112,baja,5.0,baja,5.0,35.0148,18.19,3.639,1320.0,True,Asignada
900295,Alto,Bajo,0.6251,117,baja,5.0,baja,5.0,37.0234,18.14,3.629,1325.0,True,Asignada
900801,Alto,Medio,0.6241,98,baja,5.0,baja,5.0,36.4265,17.73,3.547,1330.0,True,Asignada
900856,Medio,Bajo,0.6361,106,baja,5.0,baja,5.0,35.7103,17.72,3.543,1335.0,True,Asignada
900684,Alto,Medio,0.6454,125,baja,5.0,baja,5.0,35.1952,17.71,3.543,1340.0,True,Asignada
900668,Alto,Bajo,0.6351,94,baja,5.0,baja,5.0,35.7455,17.7,3.54,1345.0,True,Asignada
900588,Alto,Bajo,0.7268,140,baja,5.0,baja,5.0,31.1995,17.68,3.535,1350.0,True,Asignada
900597,Alto,Bajo,0.6745,132,baja,5.0,baja,5.0,33.566,17.64,3.528,1355.0,True,Asignada
900615,Medio,Bajo,0.6351,105,baja,5.0,baja,5.0,35.3888,17.48,3.495,1360.0,True,Asignada
900516,Alto,Bajo,0.6565,115,baja,5.0,baja,5.0,34.1092,17.39,3.479,1365.0,True,Asignada
900357,Alto,Bajo,0.6971,123,baja,5.0,baja,5.0,31.8858,17.23,3.446,1370.0,True,Asignada
900288,Alto,Bajo,0.6361,103,baja,5.0,baja,5.0,34.7907,17.13,3.426,1375.0,True,Asignada
900824,Medio,Bajo,0.6454,123,baja,5.0,baja,5.0,34.243,17.1,3.42,1380.0,True,Asignada
900860,Medio,Bajo,0.6454,104,baja,5.0,baja,5.0,34.2174,17.08,3.417,1385.0,True,Asignada
900150,Alto,Bajo,0.6361,112,baja,5.0,baja,5.0,34.4948,16.94,3.388,1390.0,True,Asignada
900543,Alto,Bajo,0.6361,110,baja,5.0,baja,5.0,34.1252,16.71,3.341,1395.0,True,Asignada
900126,Alto,Medio,0.6351,100,baja,5.0,baja,5.0,33.544,16.3,3.261,1400.0,True,Asignada
900013,Alto,Bajo,0.6675,129,baja,5.0,baja,5.0,31.654,16.13,3.226,1405.0,True,Asignada
900836,Alto,Bajo,0.6133,125,baja,5.0,baja,5.0,34.3581,16.07,3.214,1410.0,True,Asignada
900575,Alto,Medio,0.6361,121,baja,5.0,baja,5.0,32.8106,15.87,3.174,1415.0,True,Asignada
900384,Alto,Bajo,0.6351,112,baja,5.0,baja,5.0,32.8641,15.87,3.174,1420.0,True,Asignada
900436,Alto,Bajo,0.6565,97,baja,5.0,baja,5.0,31.5683,15.72,3.145,1425.0,True,Asignada
900502,Alto,Bajo,0.6241,128,baja,5.0,baja,5.0,33.0561,15.63,3.126,1430.0,True,Asignada
900155,Medio,Bajo,0.7102,137,baja,5.0,baja,5.0,28.9785,15.58,3.116,1435.0,True,Asignada
900345,Alto,Bajo,0.6454,101,baja,5.0,baja,5.0,31.8592,15.56,3.112,1440.0,True,Asignada
900185,Alto,Bajo,0.6361,109,baja,5.0,baja,5.0,32.2975,15.54,3.109,1445.0,True,Asignada
900014,Alto,Bajo,0.6361,88,baja,5.0,baja,5.0,32.1462,15.45,3.09,1450.0,True,Asignada
900220,Alto,Bajo,0.6454,122,baja,5.0,baja,5.0,31.3948,15.26,3.052,1455.0,True,Asignada
900610,Medio,Bajo,0.6466,111,baja,5.0,baja,5.0,31.0529,15.08,3.016,1460.0,True,Asignada
900777,Alto,Bajo,0.6639,133,baja,5.0,baja,5.0,30.0857,14.97,2.995,1465.0,True,Asignada
900130,Alto,Bajo,0.6565,105,baja,5.0,baja,5.0,30.4198,14.97,2.994,1470.0,True,Asignada
900758,VIP,Medio,0.6351,132,baja,5.0,baja,5.0,31.1243,14.77,2.953,1475.0,True,Asignada
900327,Alto,Bajo,0.6251,106,baja,5.0,baja,5.0,31.2662,14.54,2.909,1480.0,True,Asignada
900432,Medio,Bajo,0.6361,98,baja,5.0,baja,5.0,30.5901,14.46,2.892,1485.0,True,Asignada
900055,Alto,Bajo,0.7304,132,media,15.0,media,15.0,79.6541,43.18,2.879,1500.0,True,Asignada
900477,Alto,Bajo,0.6573,118,baja,5.0,baja,5.0,29.4445,14.35,2.871,1505.0,True,Asignada
900863,Medio,Bajo,0.6454,108,baja,5.0,baja,5.0,29.6923,14.16,2.833,1510.0,True,Asignada
900367,Alto,Bajo,0.668,141,baja,5.0,baja,5.0,28.5252,14.05,2.811,1515.0,True,Asignada
900550,Medio,Bajo,0.6241,115,baja,5.0,baja,5.0,30.4989,14.03,2.807,1520.0,True,Asignada
900344,Medio,Bajo,0.6361,106,baja,5.0,baja,5.0,29.9106,14.03,2.805,1525.0,True,Asignada
900881,Medio,Bajo,0.6652,112,baja,5.0,baja,5.0,28.0204,13.64,2.728,1530.0,True,Asignada
900722,Alto,Bajo,0.6971,117,baja,5.0,baja,5.0,26.7245,13.63,2.726,1535.0,True,Asignada
900186,Medio,Medio,0.7193,108,baja,5.0,baja,5.0,25.6752,13.47,2.694,1540.0,True,Asignada
900310,Alto,Bajo,0.6251,114,baja,5.0,baja,5.0,29.2736,13.3,2.66,1545.0,True,Asignada
900227,Medio,Medio,0.6454,126,baja,5.0,baja,5.0,28.1561,13.17,2.634,1550.0,True,Asignada
900598,Alto,Bajo,0.667,134,baja,5.0,baja,5.0,27.1816,13.13,2.626,1555.0,True,Asignada
900594,Alto,Bajo,0.6658,105,baja,5.0,baja,5.0,27.1692,13.09,2.618,1560.0,True,Asignada
900107,Alto,Bajo,0.6251,117,baja,5.0,baja,5.0,28.8999,13.07,2.613,1565.0,True,Asignada
900033,Medio,Bajo,0.6548,115,baja,5.0,baja,5.0,27.5498,13.04,2.608,1570.0,True,Asignada
900399,Medio,Bajo,0.686,120,baja,5.0,baja,5.0,26.0492,12.87,2.574,1575.0,True,Asignada
900423,Alto,Bajo,0.6745,123,baja,5.0,baja,5.0,25.8432,12.43,2.486,1580.0,True,Asignada
900440,Medio,Bajo,0.6573,119,baja,5.0,baja,5.0,26.2161,12.23,2.446,1585.0,True,Asignada
900451,VIP,Bajo,0.8666,117,alta,40.0,alta,40.0,158.4784,97.34,2.433,1625.0,True,Asignada
900120,Alto,Medio,0.667,136,baja,5.0,baja,5.0,25.3975,11.94,2.388,1630.0,True,Asignada
900349,Medio,Bajo,0.6947,97,baja,5.0,baja,5.0,24.3447,11.91,2.382,1635.0,True,Asignada
900571,VIP,Bajo,0.8666,102,alta,40.0,alta,40.0,155.9956,95.19,2.38,1675.0,True,Asignada
900226,Alto,Bajo,0.6688,97,baja,5.0,baja,5.0,25.2333,11.88,2.375,1680.0,True,Asignada
900664,Medio,Bajo,0.6472,111,baja,5.0,baja,5.0,26.0609,11.87,2.373,1685.0,True,Asignada
900577,Alto,Bajo,0.58,132,baja,5.0,baja,5.0,28.1622,11.33,2.267,1690.0,True,Asignada
900593,Medio,Medio,0.6658,125,baja,5.0,baja,5.0,24.2568,11.15,2.23,1695.0,True,Asignada
900831,Estandar,Bajo,0.7347,107,baja,5.0,baja,5.0,21.9464,11.12,2.225,1700.0,True,Asignada
900350,Alto,Bajo,0.6361,110,baja,5.0,baja,5.0,25.2086,11.04,2.207,1705.0,True,Asignada
900473,Alto,Bajo,0.6361,106,baja,5.0,baja,5.0,25.2086,11.04,2.207,1710.0,True,Asignada
900767,Medio,Medio,0.6241,115,baja,5.0,baja,5.0,25.6575,11.01,2.203,1715.0,True,Asignada
900526,Alto,Medio,0.6351,111,baja,5.0,baja,5.0,25.2086,11.01,2.202,1720.0,True,Asignada
900461,Medio,Bajo,0.6361,109,baja,5.0,baja,5.0,25.0801,10.95,2.191,1725.0,True,Asignada
900798,Medio,Bajo,0.6454,103,baja,5.0,baja,5.0,24.7178,10.95,2.191,1730.0,True,Asignada
900486,Medio,Bajo,0.6351,127,baja,5.0,baja,5.0,25.1085,10.95,2.189,1735.0,True,Asignada
900201,Medio,Bajo,0.6542,113,baja,5.0,baja,5.0,24.2968,10.89,2.179,1740.0,True,Asignada
900157,Medio,Bajo,0.6565,100,baja,5.0,baja,5.0,24.1682,10.87,2.173,1745.0,True,Asignada
900674,Alto,Bajo,0.9137,117,alta,40.0,alta,40.0,138.8347,86.85,2.171,1785.0,True,Asignada
900883,Medio,Medio,0.6675,101,baja,5.0,baja,5.0,23.6652,10.8,2.159,1790.0,True,Asignada
900397,Medio,Bajo,0.6529,122,baja,5.0,baja,5.0,24.1805,10.79,2.157,1795.0,True,Asignada
900197,Medio,Bajo,0.6351,109,baja,5.0,baja,5.0,24.837,10.77,2.155,1800.0,True,Asignada
900441,Medio,Bajo,0.6658,117,baja,5.0,baja,5.0,23.5864,10.7,2.141,1805.0,True,Asignada
900679,Medio,Bajo,0.6351,118,baja,5.0,baja,5.0,24.6608,10.66,2.132,1810.0,True,Asignada
900158,Medio,Bajo,0.6476,105,baja,5.0,baja,5.0,24.1682,10.65,2.13,1815.0,True,Asignada
900285,VIP,Bajo,0.8486,111,alta,40.0,alta,40.0,147.4319,85.11,2.128,1855.0,True,Asignada
900100,Medio,Bajo,0.6884,97,baja,5.0,baja,5.0,22.6567,10.6,2.119,1860.0,True,Asignada
900183,Medio,Bajo,0.6896,105,baja,5.0,baja,5.0,22.5626,10.56,2.112,1865.0,True,Asignada
900179,Medio,Medio,0.6351,109,baja,5.0,baja,5.0,24.4449,10.52,2.105,1870.0,True,Asignada
900315,Medio,Bajo,0.6565,107,baja,5.0,baja,5.0,23.6094,10.5,2.1,1875.0,True,Asignada
900371,VIP,Bajo,0.8666,128,alta,40.0,alta,40.0,141.971,83.03,2.076,1915.0,True,Asignada
900683,Medio,Bajo,0.6361,111,baja,5.0,baja,5.0,24.0648,10.31,2.062,1920.0,True,Asignada
900253,VIP,Bajo,0.7706,102,alta,40.0,alta,40.0,158.6926,82.29,2.057,1960.0,True,Asignada
900419,Alto,Bajo,0.6148,122,baja,5.0,baja,5.0,24.8555,10.28,2.056,1965.0,True,Asignada
900849,Medio,Bajo,0.6565,118,baja,5.0,baja,5.0,23.2674,10.28,2.055,1970.0,True,Asignada
900262,VIP,Bajo,0.932,128,alta,40.0,alta,40.0,130.7903,81.9,2.047,2010.0,True,Asignada
900696,VIP,Bajo,0.7662,111,alta,40.0,alta,40.0,158.6853,81.58,2.04,2050.0,True,Asignada
900214,Medio,Medio,0.6971,120,baja,5.0,baja,5.0,21.7232,10.14,2.029,2055.0,True,Asignada
900753,Medio,Bajo,0.6351,102,baja,5.0,baja,5.0,23.7978,10.11,2.023,2060.0,True,Asignada
900548,Medio,Bajo,0.6454,109,baja,5.0,baja,5.0,23.3982,10.1,2.02,2065.0,True,Asignada
900421,Medio,Bajo,0.6351,107,baja,5.0,baja,5.0,23.6018,9.99,1.998,2070.0,True,Asignada
900339,Medio,Bajo,0.7204,123,baja,5.0,baja,5.0,20.7982,9.98,1.997,2075.0,True,Asignada
900721,Medio,Bajo,0.6697,121,baja,5.0,baja,5.0,22.3535,9.97,1.994,2080.0,True,Asignada
900246,Medio,Bajo,0.7032,113,baja,5.0,baja,5.0,21.2463,9.94,1.988,2085.0,True,Asignada
900795,Medio,Bajo,0.6745,120,baja,5.0,baja,5.0,22.1477,9.94,1.988,2090.0,True,Asignada
900806,Medio,Bajo,0.6454,103,baja,5.0,baja,5.0,23.1095,9.91,1.983,2095.0,True,Asignada
900127,Medio,Bajo,0.7008,91,baja,5.0,baja,5.0,21.2463,9.89,1.978,2100.0,True,Asignada
900549,Medio,Bajo,0.6556,131,baja,5.0,baja,5.0,22.6806,9.87,1.974,2105.0,True,Asignada
900827,Medio,Bajo,0.6361,99,baja,5.0,baja,5.0,23.3645,9.86,1.972,2110.0,True,Asignada
900762,Medio,Bajo,0.6351,109,baja,5.0,baja,5.0,23.3645,9.84,1.968,2115.0,True,Asignada
900520,Medio,Bajo,0.6556,118,baja,5.0,baja,5.0,22.5555,9.79,1.957,2120.0,True,Asignada
900103,Medio,Bajo,0.6241,117,baja,5.0,baja,5.0,23.6698,9.77,1.954,2125.0,True,Asignada
900750,Alto,Bajo,0.6454,122,baja,5.0,baja,5.0,22.883,9.77,1.954,2130.0,True,Asignada
900171,Medio,Bajo,0.6344,115,baja,5.0,baja,5.0,23.2674,9.76,1.952,2135.0,True,Asignada
900314,Medio,Bajo,0.7045,109,baja,5.0,baja,5.0,20.9482,9.76,1.952,2140.0,True,Asignada
900379,Medio,Bajo,0.6361,127,baja,5.0,baja,5.0,23.1107,9.7,1.94,2145.0,True,Asignada
900284,Medio,Bajo,0.6675,120,baja,5.0,baja,5.0,21.9511,9.65,1.93,2150.0,True,Asignada
900252,VIP,Bajo,0.8588,94,alta,40.0,alta,40.0,136.1883,76.96,1.924,2190.0,True,Asignada
900825,Medio,Bajo,0.6241,112,baja,5.0,baja,5.0,23.3645,9.58,1.916,2195.0,True,Asignada
900670,Medio,Bajo,0.7018,100,baja,5.0,baja,5.0,20.7742,9.58,1.916,2200.0,True,Asignada
900530,Medio,Medio,0.6454,102,baja,5.0,baja,5.0,22.5626,9.56,1.912,2205.0,True,Asignada
900249,VIP,Bajo,0.7908,116,alta,40.0,alta,40.0,147.1192,76.34,1.909,2245.0,True,Asignada
900369,Medio,Bajo,0.6565,119,baja,5.0,baja,5.0,22.1487,9.54,1.908,2250.0,True,Asignada
900848,Medio,Bajo,0.6344,109,baja,5.0,baja,5.0,22.9141,9.54,1.907,2255.0,True,Asignada
900822,Medio,Bajo,0.6573,103,baja,5.0,baja,5.0,22.0483,9.49,1.898,2260.0,True,Asignada
900583,VIP,Bajo,0.7951,120,alta,40.0,alta,40.0,145.7422,75.88,1.897,2300.0,True,Asignada
900655,VIP,Bajo,0.7711,106,alta,40.0,alta,40.0,149.9221,75.6,1.89,2340.0,True,Asignada
900241,Alto,Bajo,0.6361,127,baja,5.0,baja,5.0,22.6695,9.42,1.884,2345.0,True,Asignada
900829,VIP,Bajo,0.932,107,alta,40.0,alta,40.0,123.693,75.28,1.882,2385.0,True,Asignada
900754,Medio,Bajo,0.6659,116,baja,5.0,baja,5.0,21.5663,9.36,1.872,2390.0,True,Asignada
900633,VIP,Bajo,0.7951,122,alta,40.0,alta,40.0,144.367,74.79,1.87,2430.0,True,Asignada
900328,VIP,Bajo,0.7515,117,alta,40.0,alta,40.0,152.6866,74.74,1.869,2470.0,True,Asignada
900560,Medio,Bajo,0.6971,115,baja,5.0,baja,5.0,20.5606,9.33,1.867,2475.0,True,Asignada
900590,Medio,Bajo,0.6241,115,baja,5.0,baja,5.0,22.9645,9.33,1.866,2480.0,True,Asignada
900539,Medio,Bajo,0.6361,101,baja,5.0,baja,5.0,22.3757,9.23,1.847,2485.0,True,Asignada
900123,Medio,Bajo,0.6351,128,baja,5.0,baja,5.0,22.3565,9.2,1.84,2490.0,True,Asignada
900206,Medio,Bajo,0.6361,96,baja,5.0,baja,5.0,22.2644,9.16,1.832,2495.0,True,Asignada
900181,Medio,Bajo,0.6361,110,baja,5.0,baja,5.0,22.2605,9.16,1.832,2500.0,True,Asignada
900027,Medio,Medio,0.6455,113,baja,5.0,baja,5.0,21.9322,9.16,1.831,2505.0,True,Asignada
900622,Medio,Medio,0.6241,115,baja,5.0,baja,5.0,22.6614,9.14,1.829,2510.0,True,Asignada
900386,Alto,Bajo,0.6948,132,media,15.0,media,15.0,61.0291,27.4,1.827,2525.0,True,Asignada
900495,Medio,Medio,0.6241,112,baja,5.0,baja,5.0,22.6054,9.11,1.822,2530.0,True,Asignada
900360,Medio,Bajo,0.6639,104,baja,5.0,baja,5.0,21.2463,9.11,1.821,2535.0,True,Asignada
900064,Alto,Bajo,0.6454,126,baja,5.0,baja,5.0,21.8299,9.09,1.818,2540.0,True,Asignada
900031,Medio,Bajo,0.6548,117,baja,5.0,baja,5.0,21.4084,9.02,1.804,2545.0,True,Asignada
900374,Medio,Bajo,0.6351,97,baja,5.0,baja,5.0,22.0483,9.0,1.801,2550.0,True,Asignada
900592,Medio,Medio,0.6351,113,baja,5.0,baja,5.0,22.0336,8.99,1.799,2555.0,True,Asignada
900566,Medio,Medio,0.6251,104,baja,5.0,baja,5.0,22.3671,8.98,1.796,2560.0,True,Asignada
900387,Medio,Bajo,0.6344,108,baja,5.0,baja,5.0,21.9676,8.94,1.787,2565.0,True,Asignada
900417,Medio,Bajo,0.6351,120,baja,5.0,baja,5.0,21.9252,8.92,1.785,2570.0,True,Asignada
900699,Alto,Bajo,0.6361,105,baja,5.0,baja,5.0,21.8611,8.91,1.781,2575.0,True,Asignada
900811,Medio,Bajo,0.7045,120,baja,5.0,baja,5.0,19.7031,8.88,1.776,2580.0,True,Asignada
900321,Medio,Bajo,0.6351,100,baja,5.0,baja,5.0,21.7454,8.81,1.762,2585.0,True,Asignada
900471,Medio,Medio,0.6241,115,baja,5.0,baja,5.0,22.0071,8.73,1.747,2590.0,True,Asignada
900015,Medio,Medio,0.6351,112,baja,5.0,baja,5.0,21.5733,8.7,1.74,2595.0,True,Asignada
900607,Estandar,Bajo,0.7129,99,baja,5.0,baja,5.0,19.194,8.68,1.737,2600.0,True,Asignada
900291,Alto,Bajo,0.6361,114,baja,5.0,baja,5.0,21.3519,8.58,1.716,2605.0,True,Asignada
900132,Medio,Bajo,0.6361,102,baja,5.0,baja,5.0,21.2463,8.51,1.703,2610.0,True,Asignada
900515,Medio,Bajo,0.6568,112,baja,5.0,baja,5.0,20.5731,8.51,1.702,2615.0,True,Asignada
900309,VIP,Bajo,0.8457,108,alta,40.0,alta,40.0,127.7189,68.01,1.7,2655.0,True,Asignada
900271,VIP,Bajo,0.7609,112,alta,40.0,alta,40.0,141.8288,67.92,1.698,2695.0,True,Asignada
900277,Medio,Bajo,0.6948,105,baja,5.0,baja,5.0,19.3366,8.44,1.687,2700.0,True,Asignada
900865,Medio,Bajo,0.6675,118,baja,5.0,baja,5.0,20.1103,8.42,1.685,2705.0,True,Asignada
900258,Medio,Bajo,0.6971,121,baja,5.0,baja,5.0,19.2447,8.42,1.683,2710.0,True,Asignada
900396,Medio,Bajo,0.6361,97,baja,5.0,baja,5.0,21.0509,8.39,1.678,2715.0,True,Asignada
900636,Medio,Medio,0.6251,116,baja,5.0,baja,5.0,21.3783,8.36,1.673,2720.0,True,Asignada
900649,Medio,Bajo,0.6361,106,baja,5.0,baja,5.0,20.9482,8.33,1.665,2725.0,True,Asignada
900659,VIP,Bajo,0.826,134,alta,40.0,alta,40.0,128.7658,66.36,1.659,2765.0,True,Asignada
900361,Medio,Bajo,0.6573,108,baja,5.0,baja,5.0,20.1632,8.25,1.651,2770.0,True,Asignada
900875,Medio,Bajo,0.6135,106,baja,5.0,baja,5.0,21.5947,8.25,1.65,2775.0,True,Asignada
900137,Medio,Bajo,0.5856,108,baja,5.0,baja,5.0,22.5626,8.21,1.643,2780.0,True,Asignada
900334,Medio,Medio,0.6388,102,baja,5.0,baja,5.0,20.6528,8.19,1.639,2785.0,True,Asignada
900057,Alto,Bajo,0.8469,125,alta,40.0,alta,40.0,124.4897,65.43,1.636,2825.0,True,Asignada
900108,VIP,Bajo,0.9137,113,alta,40.0,alta,40.0,115.3549,65.4,1.635,2865.0,True,Asignada
900138,Medio,Bajo,0.6685,126,baja,5.0,baja,5.0,19.6965,8.17,1.633,2870.0,True,Asignada
900426,VIP,Bajo,0.8588,89,alta,40.0,alta,40.0,122.076,64.84,1.621,2910.0,True,Asignada
900393,Medio,Bajo,0.575,132,baja,5.0,baja,5.0,22.7725,8.09,1.619,2915.0,True,Asignada
900624,Medio,Bajo,0.6344,93,baja,5.0,baja,5.0,20.5445,8.03,1.607,2920.0,True,Asignada
900235,Medio,Bajo,0.6351,108,baja,5.0,baja,5.0,20.271,7.87,1.575,2925.0,True,Asignada
900852,Medio,Bajo,0.6251,117,baja,5.0,baja,5.0,20.5239,7.83,1.566,2930.0,True,Asignada
900869,Medio,Bajo,0.6196,116,baja,5.0,baja,5.0,20.6924,7.82,1.564,2935.0,True,Asignada
900740,Medio,Bajo,0.7018,121,baja,5.0,baja,5.0,18.2184,7.79,1.557,2940.0,True,Asignada
900702,Medio,Bajo,0.6241,116,baja,5.0,baja,5.0,20.3903,7.73,1.545,2945.0,True,Asignada
900645,Medio,Bajo,0.6361,105,baja,5.0,baja,5.0,19.8189,7.61,1.521,2950.0,True,Asignada
900500,Alto,Bajo,0.7729,91,alta,40.0,alta,40.0,129.8736,60.38,1.509,2990.0,True,Asignada
900097,Medio,Bajo,0.7045,101,baja,5.0,baja,5.0,17.7601,7.51,1.502,2995.0,True,Asignada
900846,VIP,Bajo,0.7466,112,alta,40.0,alta,40.0,134.0042,60.05,1.501,3035.0,True,Asignada
900503,Medio,Medio,0.6481,117,baja,5.0,baja,5.0,19.222,7.46,1.492,3040.0,True,Asignada
900780,VIP,Bajo,0.7908,105,alta,40.0,alta,40.0,125.907,59.57,1.489,3080.0,True,Asignada
900745,VIP,Bajo,0.7045,135,alta,40.0,alta,40.0,141.2761,59.53,1.488,3120.0,True,Asignada
900728,VIP,Bajo,0.8457,121,alta,40.0,alta,40.0,116.4929,58.52,1.463,3160.0,True,Asignada
900570,Medio,Bajo,0.5953,102,baja,5.0,baja,5.0,20.5731,7.25,1.449,3165.0,True,Asignada
900564,Medio,Bajo,0.728,88,baja,5.0,baja,5.0,16.7764,7.21,1.443,3170.0,True,Asignada
900737,Medio,Bajo,0.6454,122,baja,5.0,baja,5.0,18.9045,7.2,1.44,3175.0,True,Asignada
900676,Medio,Bajo,0.6757,108,baja,5.0,baja,5.0,18.05,7.2,1.439,3180.0,True,Asignada
900613,Medio,Bajo,0.6767,104,baja,5.0,baja,5.0,17.9814,7.17,1.434,3185.0,True,Asignada
900612,Estandar,Bajo,0.6568,118,baja,5.0,baja,5.0,18.4165,7.1,1.419,3190.0,True,Asignada
900079,VIP,Bajo,0.9346,121,alta,40.0,alta,40.0,102.9354,56.2,1.405,3230.0,True,Asignada
900026,Medio,Bajo,0.7134,107,baja,5.0,baja,5.0,16.656,6.88,1.376,3235.0,True,Asignada
900276,Estandar,Bajo,0.6855,102,baja,5.0,baja,5.0,17.3005,6.86,1.372,3240.0,True,Asignada
900066,Medio,Bajo,0.6844,126,baja,5.0,baja,5.0,17.2226,6.79,1.357,3245.0,True,Asignada
900174,Medio,Bajo,0.6351,108,baja,5.0,baja,5.0,18.5564,6.79,1.357,3250.0,True,Asignada
900135,Medio,Bajo,0.6344,88,baja,5.0,baja,5.0,18.5541,6.77,1.354,3255.0,True,Asignada
900661,VIP,Bajo,0.7847,130,alta,40.0,alta,40.0,119.7371,53.96,1.349,3295.0,True,Asignada
900618,Alto,Bajo,0.7729,108,alta,40.0,alta,40.0,121.1675,53.65,1.341,3335.0,True,Asignada
900322,Alto,Bajo,0.7668,104,alta,40.0,alta,40.0,121.9021,53.47,1.337,3375.0,True,Asignada
900810,Medio,Bajo,0.686,104,baja,5.0,baja,5.0,16.9581,6.63,1.327,3380.0,True,Asignada
900023,Medio,Bajo,0.6241,114,baja,5.0,baja,5.0,18.6346,6.63,1.326,3385.0,True,Asignada
900162,Estandar,Bajo,0.6454,108,baja,5.0,baja,5.0,18.0129,6.63,1.325,3390.0,True,Asignada
900450,Medio,Bajo,0.6925,106,baja,5.0,baja,5.0,16.7626,6.61,1.322,3395.0,True,Asignada
900263,Estandar,Bajo,0.6773,100,baja,5.0,baja,5.0,17.0791,6.57,1.314,3400.0,True,Asignada
900545,VIP,Bajo,0.7711,111,alta,40.0,alta,40.0,120.0466,52.57,1.314,3440.0,True,Asignada
900104,Medio,Bajo,0.6351,106,baja,5.0,baja,5.0,18.1863,6.55,1.31,3445.0,True,Asignada
900355,Estandar,Bajo,0.679,102,baja,5.0,baja,5.0,16.9581,6.51,1.303,3450.0,True,Asignada
900140,Alto,Bajo,0.7908,109,alta,40.0,alta,40.0,116.4371,52.08,1.302,3490.0,True,Asignada
900842,Medio,Bajo,0.5375,104,baja,5.0,baja,5.0,21.2765,6.44,1.287,3495.0,True,Asignada
900561,Medio,Bajo,0.6639,117,baja,5.0,baja,5.0,17.2126,6.43,1.285,3500.0,True,Asignada
900608,Medio,Bajo,0.7645,134,baja,5.0,baja,5.0,14.8943,6.39,1.277,3505.0,True,Asignada
900717,Medio,Bajo,0.6726,124,baja,5.0,baja,5.0,16.8667,6.34,1.269,3510.0,True,Asignada
900643,Medio,Bajo,0.6679,100,baja,5.0,baja,5.0,16.9581,6.33,1.265,3515.0,True,Asignada
900198,Medio,Bajo,0.6659,92,baja,5.0,baja,5.0,16.9938,6.32,1.263,3520.0,True,Asignada
900830,Medio,Bajo,0.679,120,baja,5.0,baja,5.0,16.6623,6.31,1.263,3525.0,True,Asignada
900250,VIP,Bajo,0.7549,110,alta,40.0,alta,40.0,119.9297,50.53,1.263,3565.0,True,Asignada
900319,Medio,Bajo,0.6445,111,baja,5.0,baja,5.0,17.5445,6.31,1.261,3570.0,True,Asignada
900625,VIP,Bajo,0.9308,124,alta,40.0,alta,40.0,97.0585,50.34,1.259,3610.0,True,Asignada
900718,Medio,Bajo,0.679,112,baja,5.0,baja,5.0,16.586,6.26,1.252,3615.0,True,Asignada
900380,Estandar,Bajo,0.679,123,baja,5.0,baja,5.0,16.5725,6.25,1.251,3620.0,True,Asignada
900585,Medio,Bajo,0.683,109,baja,5.0,baja,5.0,16.4152,6.21,1.242,3625.0,True,Asignada
900843,Medio,Bajo,0.6643,115,baja,5.0,baja,5.0,16.8222,6.17,1.235,3630.0,True,Asignada
900677,Estandar,Bajo,0.6773,118,baja,5.0,baja,5.0,16.439,6.13,1.227,3635.0,True,Asignada
900381,VIP,Bajo,0.7668,129,alta,40.0,alta,40.0,115.9302,48.9,1.222,3675.0,True,Asignada
900604,Estandar,Bajo,0.6658,111,baja,5.0,baja,5.0,16.6699,6.1,1.22,3680.0,True,Asignada
900862,Estandar,Bajo,0.679,107,baja,5.0,baja,5.0,16.2771,6.05,1.21,3685.0,True,Asignada
900398,Estandar,Bajo,0.6697,118,baja,5.0,baja,5.0,16.439,6.01,1.202,3690.0,True,Asignada
900499,Estandar,Bajo,0.686,105,baja,5.0,baja,5.0,16.0053,5.98,1.196,3695.0,True,Asignada
900099,Medio,Bajo,0.6634,128,baja,5.0,baja,5.0,16.5393,5.97,1.194,3700.0,True,Asignada
900710,Medio,Bajo,0.6351,112,baja,5.0,baja,5.0,17.2171,5.93,1.187,3705.0,True,Asignada
900544,Medio,Bajo,0.6351,110,baja,5.0,baja,5.0,17.2171,5.93,1.187,3710.0,True,Asignada
900496,Medio,Bajo,0.5743,102,baja,5.0,baja,5.0,19.0149,5.92,1.184,3715.0,True,Asignada
900652,Medio,Bajo,0.6466,113,baja,5.0,baja,5.0,16.8635,5.9,1.181,3720.0,True,Asignada
900797,VIP,Bajo,0.9137,118,alta,40.0,alta,40.0,95.3264,47.1,1.177,3760.0,True,Asignada
900096,VIP,Bajo,0.8457,118,alta,40.0,alta,40.0,102.9222,47.04,1.176,3800.0,True,Asignada
900238,Estandar,Bajo,0.668,103,baja,5.0,baja,5.0,16.2771,5.87,1.175,3805.0,True,Asignada
900116,Medio,Bajo,0.6241,121,baja,5.0,baja,5.0,17.3521,5.83,1.166,3810.0,True,Asignada
900568,Medio,Bajo,0.6745,121,baja,5.0,baja,5.0,16.0475,5.82,1.165,3815.0,True,Asignada
900106,Estandar,Bajo,0.6568,107,baja,5.0,baja,5.0,16.4627,5.81,1.163,3820.0,True,Asignada
900209,Medio,Bajo,0.6767,120,baja,5.0,baja,5.0,15.9822,5.82,1.163,3825.0,True,Asignada
900446,Estandar,Bajo,0.5855,107,baja,5.0,baja,5.0,18.3998,5.77,1.155,3830.0,True,Asignada
900493,Medio,Bajo,0.6455,117,baja,5.0,baja,5.0,16.6909,5.77,1.155,3835.0,True,Asignada
900431,Medio,Bajo,0.686,118,baja,5.0,baja,5.0,15.6801,5.76,1.151,3840.0,True,Asignada
900378,Estandar,Bajo,0.6565,115,baja,5.0,baja,5.0,16.3096,5.71,1.141,3845.0,True,Asignada
900766,Estandar,Bajo,0.6697,114,baja,5.0,baja,5.0,15.9822,5.7,1.141,3850.0,True,Asignada
900876,VIP,Bajo,0.8397,129,alta,40.0,alta,40.0,101.6644,45.37,1.134,3890.0,True,Asignada
900505,Estandar,Medio,0.6466,115,baja,5.0,baja,5.0,16.4901,5.66,1.132,3895.0,True,Asignada
900020,Estandar,Bajo,0.6773,111,baja,5.0,baja,5.0,15.7342,5.66,1.131,3900.0,True,Asignada
900200,Medio,Bajo,0.6652,121,baja,5.0,baja,5.0,15.9822,5.63,1.126,3905.0,True,Asignada
900591,Medio,Bajo,0.6351,113,baja,5.0,baja,5.0,16.6917,5.6,1.12,3910.0,True,Asignada
900260,Alto,Bajo,0.8469,106,alta,40.0,alta,40.0,99.7052,44.44,1.111,3950.0,True,Asignada
900755,VIP,Bajo,0.8666,119,alta,40.0,alta,40.0,97.0497,44.1,1.103,3990.0,True,Asignada
900735,Alto,Bajo,0.9123,117,alta,40.0,alta,40.0,92.1475,44.07,1.102,4030.0,True,Asignada
900724,Medio,Bajo,0.6688,114,baja,5.0,baja,5.0,15.6288,5.45,1.091,4035.0,True,Asignada
900131,Estandar,Bajo,0.7129,112,baja,5.0,baja,5.0,14.6486,5.44,1.089,4040.0,True,Asignada
900455,Alto,Bajo,0.7754,121,alta,40.0,alta,40.0,107.7238,43.53,1.088,4080.0,True,Asignada
900665,Alto,Bajo,0.7908,121,alta,40.0,alta,40.0,105.5946,43.5,1.088,4120.0,True,Asignada
900867,Medio,Bajo,0.6624,111,baja,5.0,baja,5.0,15.7342,5.42,1.084,4125.0,True,Asignada
900289,VIP,Bajo,0.9346,125,alta,40.0,alta,40.0,89.1402,43.31,1.083,4165.0,True,Asignada
900603,Medio,Bajo,0.6241,116,baja,5.0,baja,5.0,16.6632,5.4,1.08,4170.0,True,Asignada
900770,Medio,Bajo,0.6379,132,baja,5.0,baja,5.0,16.2987,5.4,1.079,4175.0,True,Asignada
900821,VIP,Bajo,0.7951,105,alta,40.0,alta,40.0,104.5529,43.13,1.078,4215.0,True,Asignada
900163,Medio,Bajo,0.6361,122,baja,5.0,baja,5.0,16.3351,5.39,1.078,4220.0,True,Asignada
900512,Estandar,Bajo,0.6757,119,baja,5.0,baja,5.0,15.3665,5.38,1.077,4225.0,True,Asignada
900347,Medio,Bajo,0.6658,128,baja,5.0,baja,5.0,15.5815,5.37,1.075,4230.0,True,Asignada
900763,Medio,Bajo,0.6351,115,baja,5.0,baja,5.0,16.3096,5.36,1.072,4235.0,True,Asignada
900796,Medio,Bajo,0.6568,110,baja,5.0,baja,5.0,15.7419,5.34,1.068,4240.0,True,Asignada
900085,Medio,Bajo,0.6675,115,baja,5.0,baja,5.0,15.4506,5.31,1.063,4245.0,True,Asignada
900115,Medio,Bajo,0.6745,121,baja,5.0,baja,5.0,15.2861,5.31,1.062,4250.0,True,Asignada
900351,Estandar,Bajo,0.7391,108,baja,5.0,baja,5.0,13.9369,5.3,1.06,4255.0,True,Asignada
900011,Medio,Bajo,0.6361,103,baja,5.0,baja,5.0,16.1771,5.29,1.058,4260.0,True,Asignada
900017,VIP,Bajo,0.8666,107,alta,40.0,alta,40.0,94.7598,42.12,1.053,4300.0,True,Asignada
900714,Medio,Bajo,0.667,124,baja,5.0,baja,5.0,15.3519,5.24,1.048,4305.0,True,Asignada
900765,Medio,Bajo,0.6856,129,baja,5.0,baja,5.0,14.9327,5.24,1.048,4310.0,True,Asignada
900650,Alto,Bajo,0.8457,110,alta,40.0,alta,40.0,96.8763,41.93,1.048,4350.0,True,Asignada
900032,Medio,Bajo,0.6241,127,baja,5.0,baja,5.0,16.3602,5.21,1.042,4355.0,True,Asignada
900757,Medio,Bajo,0.6476,109,baja,5.0,baja,5.0,15.7342,5.19,1.038,4360.0,True,Asignada
900542,Alto,Bajo,0.7408,98,alta,40.0,alta,40.0,109.7653,41.31,1.033,4400.0,True,Asignada
900713,Medio,Bajo,0.6476,124,baja,5.0,baja,5.0,15.6792,5.15,1.031,4405.0,True,Asignada
900808,Medio,Bajo,0.668,118,baja,5.0,baja,5.0,15.1802,5.14,1.028,4410.0,True,Asignada
900525,Alto,Bajo,0.8397,120,alta,40.0,alta,40.0,96.4173,40.96,1.024,4450.0,True,Asignada
900261,VIP,Bajo,0.8457,120,alta,40.0,alta,40.0,95.6411,40.88,1.022,4490.0,True,Asignada
900169,Estandar,Bajo,0.8207,119,baja,5.0,baja,5.0,12.317,5.11,1.022,4495.0,True,Asignada
900759,Estandar,Bajo,0.7396,118,baja,5.0,baja,5.0,13.536,5.01,1.002,4500.0,True,Asignada
900300,Medio,Medio,0.6971,113,baja,5.0,baja,5.0,14.3574,5.01,1.002,4505.0,True,Asignada
900409,Estandar,Bajo,0.6786,104,baja,5.0,baja,5.0,14.7458,5.01,1.001,4510.0,True,Asignada
900639,Medio,Bajo,0.6565,117,baja,5.0,baja,5.0,15.1802,4.97,0.993,4515.0,True,Asignada
900306,Estandar,Bajo,0.6565,115,baja,5.0,baja,5.0,15.1802,4.97,0.993,4520.0,True,Asignada
900531,Medio,Bajo,0.6565,121,baja,5.0,baja,5.0,15.1802,4.97,0.993,4525.0,True,Asignada
900308,Medio,Bajo,0.6556,118,baja,5.0,baja,5.0,15.1802,4.95,0.99,4530.0,True,Asignada
900680,Estandar,Bajo,0.6241,114,baja,5.0,baja,5.0,15.9326,4.94,0.989,4535.0,True,Asignada
900354,Medio,Bajo,0.5852,106,baja,5.0,baja,5.0,16.9581,4.92,0.985,4540.0,True,Asignada
900139,Alto,Bajo,0.7951,119,alta,40.0,alta,40.0,99.5783,39.17,0.979,4580.0,True,Asignada
900675,Medio,Bajo,0.7688,147,baja,5.0,baja,5.0,12.8657,4.89,0.978,4585.0,True,Asignada
900084,Medio,Bajo,0.6675,118,baja,5.0,baja,5.0,14.792,4.87,0.975,4590.0,True,Asignada
900707,Estandar,Bajo,0.6639,105,baja,5.0,baja,5.0,14.8115,4.83,0.967,4595.0,True,Asignada
900007,Alto,Bajo,0.7729,104,alta,40.0,alta,40.0,101.7039,38.61,0.965,4635.0,True,Asignada
900316,Medio,Bajo,0.6379,116,baja,5.0,baja,5.0,15.3519,4.79,0.959,4640.0,True,Asignada
900405,Alto,Bajo,0.8194,113,alta,40.0,alta,40.0,95.5438,38.29,0.957,4680.0,True,Asignada
900527,Alto,Bajo,0.8397,117,alta,40.0,alta,40.0,93.2198,38.28,0.957,4720.0,True,Asignada
900001,Medio,Bajo,0.7024,137,baja,5.0,baja,5.0,13.9227,4.78,0.956,4725.0,True,Asignada
900833,Alto,Bajo,0.7908,106,alta,40.0,alta,40.0,98.6416,38.01,0.95,4765.0,True,Asignada
900190,Estandar,Bajo,0.668,119,baja,5.0,baja,5.0,14.5499,4.72,0.944,4770.0,True,Asignada
900338,Medio,Bajo,0.6466,109,baja,5.0,baja,5.0,15.0323,4.72,0.944,4775.0,True,Asignada
900040,Alto,Bajo,0.7532,113,alta,40.0,alta,40.0,103.139,37.68,0.942,4815.0,True,Asignada
900230,Medio,Bajo,0.6466,119,baja,5.0,baja,5.0,14.984,4.69,0.938,4820.0,True,Asignada
900435,Alto,Bajo,0.7514,99,alta,40.0,alta,40.0,103.1494,37.51,0.938,4860.0,True,Asignada
900666,Medio,Bajo,0.6624,111,baja,5.0,baja,5.0,14.5824,4.66,0.932,4865.0,True,Asignada
900466,Medio,Bajo,0.6675,112,baja,5.0,baja,5.0,14.4685,4.66,0.932,4870.0,True,Asignada
900861,Medio,Bajo,0.6466,121,baja,5.0,baja,5.0,14.8781,4.62,0.924,4875.0,True,Asignada
900191,Medio,Bajo,0.6466,115,baja,5.0,baja,5.0,14.8781,4.62,0.924,4880.0,True,Asignada
900356,Medio,Bajo,0.6466,123,baja,5.0,baja,5.0,14.8781,4.62,0.924,4885.0,True,Asignada
900556,Estandar,Bajo,0.6533,91,baja,5.0,baja,5.0,14.6762,4.59,0.918,4890.0,True,Asignada
900534,Estandar,Bajo,0.6454,108,baja,5.0,baja,5.0,14.7954,4.55,0.91,4895.0,True,Asignada
900529,Estandar,Bajo,0.6675,104,baja,5.0,baja,5.0,14.2991,4.54,0.909,4900.0,True,Asignada
900184,Medio,Bajo,0.6251,116,baja,5.0,baja,5.0,15.2309,4.52,0.904,4905.0,True,Asignada
900555,Estandar,Bajo,0.6565,104,baja,5.0,baja,5.0,14.4875,4.51,0.902,4910.0,True,Asignada
900424,Medio,Bajo,0.6542,118,baja,5.0,baja,5.0,14.5393,4.51,0.902,4915.0,True,Asignada
900187,Medio,Bajo,0.6379,124,baja,5.0,baja,5.0,14.8781,4.49,0.898,4920.0,True,Asignada
900362,Alto,Bajo,0.7646,120,alta,40.0,alta,40.0,98.9422,35.65,0.891,4960.0,True,Asignada
900343,Medio,Bajo,0.6568,110,baja,5.0,baja,5.0,14.3859,4.45,0.89,4965.0,True,Asignada
900259,Alto,Bajo,0.7908,117,alta,40.0,alta,40.0,95.3518,35.4,0.885,5005.0,True,Asignada
900532,Estandar,Bajo,0.6568,103,baja,5.0,baja,5.0,14.2991,4.39,0.878,5010.0,True,Asignada
900638,VIP,Bajo,0.8457,123,alta,40.0,alta,40.0,88.8353,35.13,0.878,5050.0,True,Asignada
900368,Estandar,Bajo,0.6568,108,baja,5.0,baja,5.0,14.2685,4.37,0.874,5055.0,True,Asignada
900828,Estandar,Bajo,0.6568,116,baja,5.0,baja,5.0,14.2518,4.36,0.872,5060.0,True,Asignada
900274,Medio,Bajo,0.6838,133,baja,5.0,baja,5.0,13.6817,4.36,0.871,5065.0,True,Asignada
900878,Alto,Bajo,0.826,108,alta,40.0,alta,40.0,90.2537,34.55,0.864,5105.0,True,Asignada
900589,Estandar,Bajo,0.6773,111,baja,5.0,baja,5.0,13.7561,4.32,0.863,5110.0,True,Asignada
900430,Medio,Bajo,0.6565,126,baja,5.0,baja,5.0,14.0964,4.25,0.851,5115.0,True,Asignada
900656,Medio,Bajo,0.6856,123,baja,5.0,baja,5.0,13.4967,4.25,0.851,5120.0,True,Asignada
900834,Medio,Bajo,0.6454,124,baja,5.0,baja,5.0,14.3133,4.24,0.848,5125.0,True,Asignada
900213,Estandar,Bajo,0.6838,118,baja,5.0,baja,5.0,13.4683,4.21,0.842,5130.0,True,Asignada
900240,Estandar,Bajo,0.6466,111,baja,5.0,baja,5.0,14.2029,4.18,0.837,5135.0,True,Asignada
900858,Medio,Bajo,0.6931,118,baja,5.0,baja,5.0,13.2336,4.17,0.834,5140.0,True,Asignada
900340,Estandar,Bajo,0.679,112,baja,5.0,baja,5.0,13.4767,4.15,0.83,5145.0,True,Asignada
900077,Estandar,Bajo,0.6361,113,baja,5.0,baja,5.0,14.3067,4.1,0.82,5150.0,True,Asignada
900202,Estandar,Bajo,0.6379,105,baja,5.0,baja,5.0,14.2661,4.1,0.82,5155.0,True,Asignada
900637,Medio,Bajo,0.6241,126,baja,5.0,baja,5.0,14.5632,4.09,0.818,5160.0,True,Asignada
900233,VIP,Bajo,0.8457,124,alta,40.0,alta,40.0,85.946,32.68,0.817,5200.0,True,Asignada
900491,Estandar,Bajo,0.6856,96,baja,5.0,baja,5.0,13.196,4.05,0.809,5205.0,True,Asignada
900047,Estandar,Bajo,0.6351,106,baja,5.0,baja,5.0,14.2452,4.05,0.809,5210.0,True,Asignada
900129,Medio,Bajo,0.6351,126,baja,5.0,baja,5.0,14.235,4.04,0.808,5215.0,True,Asignada
900779,Estandar,Bajo,0.6948,106,baja,5.0,baja,5.0,12.9433,3.99,0.799,5220.0,True,Asignada
900871,Alto,Bajo,0.7189,125,alta,40.0,alta,40.0,99.7134,31.68,0.792,5260.0,True,Asignada
900459,Medio,Bajo,0.6838,117,baja,5.0,baja,5.0,13.0652,3.93,0.787,5265.0,True,Asignada
900726,Estandar,Bajo,0.6361,89,baja,5.0,baja,5.0,14.0409,3.93,0.786,5270.0,True,Asignada
900788,Estandar,Bajo,0.7204,116,baja,5.0,baja,5.0,12.317,3.87,0.775,5275.0,True,Asignada
900092,Estandar,Bajo,0.6658,110,baja,5.0,baja,5.0,13.3251,3.87,0.774,5280.0,True,Asignada
900877,Alto,Bajo,0.7383,113,alta,40.0,alta,40.0,95.9615,30.85,0.771,5320.0,True,Asignada
900716,Medio,Bajo,0.6361,119,baja,5.0,baja,5.0,13.8961,3.84,0.768,5325.0,True,Asignada
900644,Medio,Medio,0.6397,113,baja,5.0,baja,5.0,13.7561,3.8,0.76,5330.0,True,Asignada
900635,VIP,Bajo,0.8605,107,alta,40.0,alta,40.0,81.7046,30.31,0.758,5370.0,True,Asignada
900248,Estandar,Bajo,0.6379,108,baja,5.0,baja,5.0,13.7561,3.78,0.755,5375.0,True,Asignada
900282,Estandar,Bajo,0.7204,118,baja,5.0,baja,5.0,12.1312,3.74,0.748,5380.0,True,Asignada
900445,Medio,Bajo,0.6454,106,baja,5.0,baja,5.0,13.5296,3.73,0.746,5385.0,True,Asignada
900518,Estandar,Bajo,0.6565,105,baja,5.0,baja,5.0,13.2909,3.73,0.745,5390.0,True,Asignada
900469,Medio,Bajo,0.6344,116,baja,5.0,baja,5.0,13.7527,3.72,0.745,5395.0,True,Asignada
900091,Estandar,Bajo,0.6351,109,baja,5.0,baja,5.0,13.7232,3.72,0.743,5400.0,True,Asignada
900018,Estandar,Bajo,0.6726,125,baja,5.0,baja,5.0,12.9578,3.72,0.743,5405.0,True,Asignada
900159,Estandar,Bajo,0.6454,102,baja,5.0,baja,5.0,13.4752,3.7,0.739,5410.0,True,Asignada
900552,Estandar,Bajo,0.6241,97,baja,5.0,baja,5.0,13.9359,3.7,0.739,5415.0,True,Asignada
900630,Medio,Medio,0.6241,127,baja,5.0,baja,5.0,13.9178,3.69,0.737,5420.0,True,Asignada
900083,Medio,Bajo,0.6251,128,baja,5.0,baja,5.0,13.8823,3.68,0.736,5425.0,True,Asignada
900692,Estandar,Bajo,0.6361,111,baja,5.0,baja,5.0,13.5541,3.62,0.724,5430.0,True,Asignada
900672,Estandar,Bajo,0.7129,121,baja,5.0,baja,5.0,12.0782,3.61,0.722,5435.0,True,Asignada
900124,Medio,Bajo,0.7134,135,baja,5.0,baja,5.0,12.0677,3.61,0.722,5440.0,True,Asignada
900242,Medio,Bajo,0.7204,135,baja,5.0,baja,5.0,11.9352,3.6,0.72,5445.0,True,Asignada
900239,Medio,Bajo,0.5963,117,baja,5.0,baja,5.0,14.3992,3.59,0.717,5450.0,True,Asignada
900267,Estandar,Bajo,0.6241,101,baja,5.0,baja,5.0,13.7242,3.57,0.713,5455.0,True,Asignada
900442,Estandar,Bajo,0.6643,108,baja,5.0,baja,5.0,12.88,3.56,0.711,5460.0,True,Asignada
900193,Estandar,Bajo,0.6639,106,baja,5.0,baja,5.0,12.8442,3.53,0.705,5465.0,True,Asignada
900756,Estandar,Bajo,0.6639,91,baja,5.0,baja,5.0,12.8442,3.53,0.705,5470.0,True,Asignada
900681,VIP,Bajo,0.8403,122,alta,40.0,alta,40.0,81.1254,28.17,0.704,5510.0,True,Asignada
900052,Alto,Bajo,0.7951,109,alta,40.0,alta,40.0,85.6301,28.08,0.702,5550.0,True,Asignada
900391,Medio,Bajo,0.6658,130,baja,5.0,baja,5.0,12.7816,3.51,0.702,5555.0,True,Asignada
900095,Estandar,Bajo,0.6958,107,baja,5.0,baja,5.0,12.215,3.5,0.7,5560.0,True,Asignada
900080,Estandar,Bajo,0.661,103,baja,5.0,baja,5.0,12.8442,3.49,0.698,5565.0,True,Asignada
900662,Estandar,Bajo,0.6529,100,baja,5.0,baja,5.0,12.9475,3.45,0.691,5570.0,True,Asignada
900109,Estandar,Bajo,0.6379,109,baja,5.0,baja,5.0,13.2497,3.45,0.69,5575.0,True,Asignada
900180,Estandar,Bajo,0.6361,109,baja,5.0,baja,5.0,13.2753,3.44,0.689,5580.0,True,Asignada
900448,Estandar,Bajo,0.5742,108,baja,5.0,baja,5.0,14.6888,3.43,0.687,5585.0,True,Asignada
900143,Estandar,Bajo,0.7074,93,baja,5.0,baja,5.0,11.8899,3.41,0.682,5590.0,True,Asignada
900403,Estandar,Bajo,0.614,114,baja,5.0,baja,5.0,13.6955,3.41,0.682,5595.0,True,Asignada
900048,Estandar,Bajo,0.6667,116,baja,5.0,baja,5.0,12.604,3.4,0.681,5600.0,True,Asignada
900690,Estandar,Bajo,0.6624,108,baja,5.0,baja,5.0,12.6791,3.4,0.68,5605.0,True,Asignada
900453,Alto,Bajo,0.826,108,alta,40.0,alta,40.0,81.3066,27.16,0.679,5645.0,True,Asignada
900626,Medio,Bajo,0.6542,114,baja,5.0,baja,5.0,12.7816,3.36,0.672,5650.0,True,Asignada
900835,Estandar,Bajo,0.6931,102,baja,5.0,baja,5.0,12.0514,3.35,0.671,5655.0,True,Asignada
900005,Alto,Bajo,0.8457,107,alta,40.0,alta,40.0,78.6665,26.53,0.663,5695.0,True,Asignada
900845,Estandar,Bajo,0.6351,104,baja,5.0,baja,5.0,13.0955,3.32,0.663,5700.0,True,Asignada
900275,Estandar,Bajo,0.7018,113,baja,5.0,baja,5.0,11.846,3.31,0.663,5705.0,True,Asignada
900602,Estandar,Bajo,0.7204,119,baja,5.0,baja,5.0,11.5229,3.3,0.66,5710.0,True,Asignada
900584,Estandar,Bajo,0.6568,117,baja,5.0,baja,5.0,12.6373,3.3,0.66,5715.0,True,Asignada
900475,Estandar,Bajo,0.6454,106,baja,5.0,baja,5.0,12.8442,3.29,0.658,5720.0,True,Asignada
900332,Estandar,Bajo,0.6351,102,baja,5.0,baja,5.0,13.0326,3.28,0.655,5725.0,True,Asignada
900297,Medio,Bajo,0.6361,114,baja,5.0,baja,5.0,12.9315,3.23,0.645,5730.0,True,Asignada
900837,Estandar,Bajo,0.6773,106,baja,5.0,baja,5.0,12.128,3.21,0.643,5735.0,True,Asignada
900467,Estandar,Bajo,0.7466,129,baja,5.0,baja,5.0,10.9899,3.21,0.641,5740.0,True,Asignada
900794,Medio,Bajo,0.6454,127,baja,5.0,baja,5.0,12.6996,3.2,0.639,5745.0,True,Asignada
900885,Estandar,Bajo,0.6038,112,baja,5.0,baja,5.0,13.5639,3.19,0.638,5750.0,True,Asignada
900553,Estandar,Bajo,0.6861,119,baja,5.0,baja,5.0,11.9093,3.17,0.634,5755.0,True,Asignada
900166,Alto,Bajo,0.8666,110,alta,40.0,alta,40.0,75.0282,25.02,0.625,5795.0,True,Asignada
900359,Estandar,Bajo,0.6344,96,baja,5.0,baja,5.0,12.7887,3.11,0.623,5800.0,True,Asignada
900434,Estandar,Bajo,0.7045,107,baja,5.0,baja,5.0,11.5086,3.11,0.622,5805.0,True,Asignada
900346,VIP,Bajo,0.8666,116,alta,40.0,alta,40.0,74.7373,24.77,0.619,5845.0,True,Asignada
900775,Estandar,Bajo,0.6432,90,baja,5.0,baja,5.0,12.5706,3.09,0.617,5850.0,True,Asignada
900541,Estandar,Bajo,0.668,112,baja,5.0,baja,5.0,12.0768,3.07,0.613,5855.0,True,Asignada
900595,Estandar,Bajo,0.6979,115,baja,5.0,baja,5.0,11.5229,3.04,0.608,5860.0,True,Asignada
900119,Estandar,Bajo,0.679,108,baja,5.0,baja,5.0,11.8106,3.02,0.604,5865.0,True,Asignada
900720,Estandar,Bajo,0.614,96,baja,5.0,baja,5.0,13.0314,3.0,0.6,5870.0,True,Asignada
900487,Estandar,Bajo,0.6639,117,baja,5.0,baja,5.0,12.0523,3.0,0.6,5875.0,True,Asignada
900053,Medio,Bajo,0.6351,127,baja,5.0,baja,5.0,12.5453,2.97,0.594,5880.0,True,Asignada
900418,Medio,Bajo,0.6773,135,baja,5.0,baja,5.0,11.7088,2.93,0.586,5885.0,True,Asignada
900068,Estandar,Bajo,0.6241,105,baja,5.0,baja,5.0,12.6947,2.92,0.585,5890.0,True,Asignada
900404,Estandar,Bajo,0.6635,88,baja,5.0,baja,5.0,11.9319,2.92,0.583,5895.0,True,Asignada
900167,Medio,Bajo,0.5137,128,baja,5.0,baja,5.0,15.4099,2.92,0.583,5900.0,True,Asignada
900208,Estandar,Bajo,0.6307,113,baja,5.0,baja,5.0,12.5376,2.91,0.581,5905.0,True,Asignada
900333,Estandar,Bajo,0.7129,119,baja,5.0,baja,5.0,11.0796,2.9,0.58,5910.0,True,Asignada
900850,Estandar,Bajo,0.6568,113,baja,5.0,baja,5.0,12.0058,2.89,0.577,5915.0,True,Asignada
900039,Estandar,Medio,0.6251,102,baja,5.0,baja,5.0,12.5532,2.85,0.569,5920.0,True,Asignada
900149,Estandar,Bajo,0.6351,113,baja,5.0,baja,5.0,12.2746,2.8,0.559,5925.0,True,Asignada
900370,Estandar,Bajo,0.6352,111,baja,5.0,baja,5.0,12.2746,2.8,0.559,5930.0,True,Asignada
900535,Estandar,Bajo,0.679,108,baja,5.0,baja,5.0,11.4816,2.8,0.559,5935.0,True,Asignada
900749,Estandar,Bajo,0.5852,103,baja,5.0,baja,5.0,13.2909,2.78,0.556,5940.0,True,Asignada
900010,Alto,Bajo,0.8666,109,alta,40.0,alta,40.0,71.6791,22.12,0.553,5980.0,True,Asignada
900605,Estandar,Bajo,0.6361,111,baja,5.0,baja,5.0,12.1806,2.75,0.55,5985.0,True,Asignada
900035,Estandar,Bajo,0.7142,124,baja,5.0,baja,5.0,10.8494,2.75,0.55,5990.0,True,Asignada
900090,Estandar,Bajo,0.6652,116,baja,5.0,baja,5.0,11.6454,2.75,0.549,5995.0,True,Asignada
900562,Medio,Bajo,0.7018,131,baja,5.0,baja,5.0,11.0329,2.74,0.549,6000.0,True,Asignada
900324,Estandar,Bajo,0.6454,128,baja,5.0,baja,5.0,11.954,2.72,0.543,6005.0,True,Asignada
900394,Estandar,Bajo,0.6593,100,baja,5.0,baja,5.0,11.7022,2.72,0.543,6010.0,True,Asignada
900882,Estandar,Bajo,0.6361,111,baja,5.0,baja,5.0,12.0768,2.68,0.536,6015.0,True,Asignada
900653,Estandar,Bajo,0.6593,114,baja,5.0,baja,5.0,11.6454,2.68,0.536,6020.0,True,Asignada
900036,Estandar,Bajo,0.6351,109,baja,5.0,baja,5.0,12.0768,2.67,0.534,6025.0,True,Asignada
900335,Estandar,Bajo,0.6838,124,baja,5.0,baja,5.0,11.2194,2.67,0.534,6030.0,True,Asignada
900037,Estandar,Bajo,0.6351,110,baja,5.0,baja,5.0,12.0768,2.67,0.534,6035.0,True,Asignada
900318,Estandar,Bajo,0.6652,120,baja,5.0,baja,5.0,11.5229,2.67,0.533,6040.0,True,Asignada
900782,Estandar,Bajo,0.6624,113,baja,5.0,baja,5.0,11.5377,2.64,0.529,6045.0,True,Asignada
900712,Estandar,Bajo,0.6565,92,baja,5.0,baja,5.0,11.6116,2.62,0.525,6050.0,True,Asignada
900045,Estandar,Bajo,0.5843,101,baja,5.0,baja,5.0,13.0455,2.62,0.524,6055.0,True,Asignada
900706,Estandar,Bajo,0.679,123,baja,5.0,baja,5.0,11.204,2.61,0.522,6060.0,True,Asignada
900823,Estandar,Bajo,0.6454,97,baja,5.0,baja,5.0,11.7666,2.59,0.519,6065.0,True,Asignada
900705,Estandar,Bajo,0.5708,103,baja,5.0,baja,5.0,13.2861,2.58,0.517,6070.0,True,Asignada
900611,Estandar,Bajo,0.6466,110,baja,5.0,baja,5.0,11.7234,2.58,0.516,6075.0,True,Asignada
900376,Estandar,Bajo,0.6568,114,baja,5.0,baja,5.0,11.5229,2.57,0.514,6080.0,True,Asignada
900330,Estandar,Bajo,0.6757,115,baja,5.0,baja,5.0,11.1695,2.55,0.509,6085.0,True,Asignada
900868,Estandar,Bajo,0.6454,109,baja,5.0,baja,5.0,11.6799,2.54,0.508,6090.0,True,Asignada
900646,Estandar,Bajo,0.6592,109,baja,5.0,baja,5.0,11.4011,2.52,0.503,6095.0,True,Asignada
900281,Estandar,Bajo,0.6679,110,baja,5.0,baja,5.0,11.231,2.5,0.5,6100.0,True,Asignada
900168,Estandar,Bajo,0.6307,109,baja,5.0,baja,5.0,11.8681,2.49,0.497,6105.0,True,Asignada
900268,Estandar,Bajo,0.5591,105,baja,5.0,baja,5.0,13.3406,2.46,0.492,6110.0,True,Asignada
900642,Estandar,Bajo,0.6861,104,baja,5.0,baja,5.0,10.8753,2.46,0.492,6115.0,True,Asignada
900165,Medio,Bajo,0.6454,126,baja,5.0,baja,5.0,11.5559,2.46,0.492,6120.0,True,Asignada
900000,Estandar,Bajo,0.6196,101,baja,5.0,baja,5.0,12.002,2.44,0.487,6125.0,True,Asignada
900422,Medio,Bajo,0.6466,113,baja,5.0,baja,5.0,11.4816,2.42,0.485,6130.0,True,Asignada
900176,Medio,Bajo,0.6658,116,baja,5.0,baja,5.0,11.1262,2.41,0.482,6135.0,True,Asignada
900772,Medio,Bajo,0.6454,124,baja,5.0,baja,5.0,11.4744,2.41,0.481,6140.0,True,Asignada
900439,Estandar,Bajo,0.6667,117,baja,5.0,baja,5.0,11.0929,2.4,0.479,6145.0,True,Asignada
900195,Estandar,Bajo,0.6709,88,baja,5.0,baja,5.0,11.0193,2.39,0.479,6150.0,True,Asignada
900170,Estandar,Bajo,0.6884,120,baja,5.0,baja,5.0,10.7379,2.39,0.478,6155.0,True,Asignada
900689,Estandar,Bajo,0.6675,116,baja,5.0,baja,5.0,11.0582,2.38,0.476,6160.0,True,Asignada
900826,Estandar,Bajo,0.6351,109,baja,5.0,baja,5.0,11.6165,2.38,0.476,6165.0,True,Asignada
900081,Estandar,Bajo,0.6379,111,baja,5.0,baja,5.0,11.5476,2.37,0.473,6170.0,True,Asignada
900631,Estandar,Bajo,0.6652,117,baja,5.0,baja,5.0,11.0582,2.36,0.471,6175.0,True,Asignada
900256,Estandar,Bajo,0.6568,112,baja,5.0,baja,5.0,11.2016,2.36,0.471,6180.0,True,Asignada
900601,Estandar,Bajo,0.6454,115,baja,5.0,baja,5.0,11.3371,2.32,0.463,6185.0,True,Asignada
900205,Estandar,Bajo,0.614,100,baja,5.0,baja,5.0,11.9067,2.31,0.462,6190.0,True,Asignada
900746,Estandar,Bajo,0.6901,114,baja,5.0,baja,5.0,10.556,2.28,0.457,6195.0,True,Asignada
900228,Estandar,Bajo,0.5908,101,baja,5.0,baja,5.0,12.3135,2.27,0.455,6200.0,True,Asignada
900251,Estandar,Bajo,0.5737,85,baja,5.0,baja,5.0,12.6477,2.26,0.451,6205.0,True,Asignada
900395,Estandar,Bajo,0.6441,99,baja,5.0,baja,5.0,11.2466,2.24,0.449,6210.0,True,Asignada
900406,Estandar,Bajo,0.6542,119,baja,5.0,baja,5.0,11.0582,2.23,0.447,6215.0,True,Asignada
900456,Medio,Bajo,0.6675,120,baja,5.0,baja,5.0,10.8241,2.23,0.445,6220.0,True,Asignada
900719,Estandar,Bajo,0.6639,123,baja,5.0,baja,5.0,10.8567,2.21,0.442,6225.0,True,Asignada
900522,Estandar,Bajo,0.7134,127,baja,5.0,baja,5.0,10.0623,2.18,0.436,6230.0,True,Asignada
900617,Estandar,Bajo,0.614,106,baja,5.0,baja,5.0,11.689,2.18,0.435,6235.0,True,Asignada
900443,Estandar,Bajo,0.6565,119,baja,5.0,baja,5.0,10.9064,2.16,0.432,6240.0,True,Asignada
900160,Medio,Bajo,0.7134,138,baja,5.0,baja,5.0,10.0319,2.16,0.431,6245.0,True,Asignada
900293,Estandar,Bajo,0.6241,104,baja,5.0,baja,5.0,11.442,2.14,0.428,6250.0,True,Asignada
900199,Estandar,Bajo,0.6542,110,baja,5.0,baja,5.0,10.9065,2.14,0.427,6255.0,True,Asignada
900452,Estandar,Bajo,0.5448,103,baja,5.0,baja,5.0,13.0955,2.13,0.427,6260.0,True,Asignada
900311,Estandar,Bajo,0.7134,108,baja,5.0,baja,5.0,9.9655,2.11,0.422,6265.0,True,Asignada
900510,Estandar,Bajo,0.5908,103,baja,5.0,baja,5.0,12.0087,2.09,0.419,6270.0,True,Asignada
900177,Estandar,Bajo,0.6757,109,baja,5.0,baja,5.0,10.4786,2.08,0.416,6275.0,True,Asignada
900294,Estandar,Bajo,0.7129,115,baja,5.0,baja,5.0,9.9095,2.06,0.413,6280.0,True,Asignada
900596,Estandar,Bajo,0.6466,129,baja,5.0,baja,5.0,10.9257,2.06,0.413,6285.0,True,Asignada
900682,Estandar,Bajo,0.6726,122,baja,5.0,baja,5.0,10.501,2.06,0.413,6290.0,True,Asignada
900784,Estandar,Bajo,0.6624,128,baja,5.0,baja,5.0,10.6496,2.05,0.411,6295.0,True,Asignada
900065,Estandar,Bajo,0.6726,109,baja,5.0,baja,5.0,10.4786,2.05,0.41,6300.0,True,Asignada
900211,Estandar,Bajo,0.5737,107,baja,5.0,baja,5.0,12.2755,2.04,0.408,6305.0,True,Asignada
900488,Estandar,Bajo,0.5636,101,baja,5.0,baja,5.0,12.4131,2.0,0.399,6310.0,True,Asignada
900438,Estandar,Bajo,0.6361,119,baja,5.0,baja,5.0,10.9886,1.99,0.398,6315.0,True,Asignada
900533,Estandar,Bajo,0.614,99,baja,5.0,baja,5.0,11.3775,1.99,0.397,6320.0,True,Asignada
900420,Estandar,Bajo,0.614,104,baja,5.0,baja,5.0,11.3775,1.99,0.397,6325.0,True,Asignada
900582,Estandar,Bajo,0.7119,106,baja,5.0,baja,5.0,9.7741,1.96,0.392,6330.0,True,Asignada
900752,Estandar,Bajo,0.6745,111,baja,5.0,baja,5.0,10.2777,1.93,0.386,6335.0,True,Asignada
900569,Estandar,Bajo,0.6432,99,baja,5.0,baja,5.0,10.7687,1.93,0.385,6340.0,True,Asignada
900468,Estandar,Bajo,0.6361,110,baja,5.0,baja,5.0,10.8568,1.91,0.381,6345.0,True,Asignada
900855,Estandar,Bajo,0.5242,89,baja,5.0,baja,5.0,13.1052,1.87,0.374,6350.0,True,Asignada
900307,Estandar,Bajo,0.6251,117,baja,5.0,baja,5.0,10.9937,1.87,0.374,6355.0,True,Asignada
900172,Estandar,Bajo,0.5632,113,baja,5.0,baja,5.0,12.1822,1.86,0.372,6360.0,True,Asignada
900640,Estandar,Bajo,0.5445,86,baja,5.0,baja,5.0,12.6029,1.86,0.372,6365.0,True,Asignada
900470,Estandar,Bajo,0.6196,115,baja,5.0,baja,5.0,11.0582,1.85,0.37,6370.0,True,Asignada
900392,Estandar,Bajo,0.6096,122,baja,5.0,baja,5.0,11.2194,1.84,0.368,6375.0,True,Asignada
900776,Estandar,Bajo,0.5234,99,baja,5.0,baja,5.0,13.0455,1.83,0.366,6380.0,True,Asignada
900691,Estandar,Bajo,0.6454,118,baja,5.0,baja,5.0,10.556,1.81,0.363,6385.0,True,Asignada
900732,Estandar,Bajo,0.7018,124,baja,5.0,baja,5.0,9.7047,1.81,0.362,6390.0,True,Asignada
900125,Estandar,Bajo,0.6481,111,baja,5.0,baja,5.0,10.4635,1.78,0.356,6395.0,True,Asignada
900567,Estandar,Bajo,0.6241,111,baja,5.0,baja,5.0,10.8307,1.76,0.352,6400.0,True,Asignada
900025,Estandar,Bajo,0.6745,103,baja,5.0,baja,5.0,9.9337,1.7,0.34,6405.0,True,Asignada
900411,Estandar,Bajo,0.5847,110,baja,5.0,baja,5.0,11.4264,1.68,0.336,6410.0,True,Asignada
900480,Estandar,Bajo,0.5641,96,baja,5.0,baja,5.0,11.8194,1.67,0.333,6415.0,True,Asignada
900075,Estandar,Bajo,0.6454,115,baja,5.0,baja,5.0,10.3028,1.65,0.33,6420.0,True,Asignada
900693,Estandar,Bajo,0.5953,92,baja,5.0,baja,5.0,11.1469,1.64,0.327,6425.0,True,Asignada
900715,Estandar,Bajo,0.5636,100,baja,5.0,baja,5.0,11.7666,1.63,0.326,6430.0,True,Asignada
900738,Estandar,Bajo,0.6884,124,baja,5.0,baja,5.0,9.5735,1.59,0.318,6435.0,True,Asignada
900472,Estandar,Bajo,0.5742,104,baja,5.0,baja,5.0,11.442,1.57,0.314,6440.0,True,Asignada
900498,Estandar,Bajo,0.5737,110,baja,5.0,baja,5.0,11.3515,1.51,0.302,6445.0,True,Asignada
900578,Estandar,Bajo,0.4949,99,baja,5.0,baja,5.0,13.1052,1.49,0.297,6450.0,True,Asignada
900088,Estandar,Bajo,0.5733,106,baja,5.0,baja,5.0,11.1967,1.42,0.284,6455.0,True,Asignada
900283,Estandar,Bajo,0.5448,94,baja,5.0,baja,5.0,11.7022,1.38,0.275,6460.0,True,Asignada
900051,Estandar,Bajo,0.6361,116,baja,5.0,baja,5.0,9.9944,1.36,0.271,6465.0,True,Asignada
900741,Estandar,Bajo,0.5849,98,baja,5.0,baja,5.0,10.7687,1.3,0.26,6470.0,True,Asignada
900800,Estandar,Bajo,0.5737,106,baja,5.0,baja,5.0,10.9398,1.28,0.255,6475.0,True,Asignada
900817,Medio,Bajo,0.6726,127,baja,5.0,baja,5.0,9.2751,1.24,0.248,6480.0,True,Asignada
900410,Estandar,Bajo,0.5692,110,baja,5.0,baja,5.0,10.8568,1.18,0.236,6485.0,True,Asignada
900524,Estandar,Bajo,0.6351,112,baja,5.0,baja,5.0,9.7081,1.17,0.233,6490.0,True,Asignada
900729,Estandar,Bajo,0.5641,131,baja,5.0,baja,5.0,10.9165,1.16,0.232,6495.0,True,Asignada
900454,Estandar,Bajo,0.5454,94,baja,5.0,baja,5.0,11.2466,1.13,0.227,6500.0,True,Asignada
900458,Estandar,Bajo,0.6361,112,baja,5.0,baja,5.0,9.6306,1.13,0.225,6505.0,True,Asignada
900840,Estandar,Bajo,0.6421,108,baja,5.0,baja,5.0,9.5067,1.1,0.221,6510.0,True,Asignada
900805,Estandar,Bajo,0.6454,118,baja,5.0,baja,5.0,9.3903,1.06,0.212,6515.0,True,Asignada
900082,Estandar,Bajo,0.5764,117,baja,5.0,baja,5.0,10.5128,1.06,0.212,6520.0,True,Asignada
900049,Estandar,Bajo,0.5958,124,baja,5.0,baja,5.0,10.112,1.02,0.205,6525.0,True,Asignada
900111,Estandar,Bajo,0.5964,97,baja,5.0,baja,5.0,9.9855,0.96,0.191,6530.0,True,Asignada
900725,Estandar,Bajo,0.5742,141,baja,5.0,baja,5.0,9.9843,0.73,0.147,6535.0,True,Asignada
900704,Estandar,Bajo,0.6454,107,baja,5.0,baja,5.0,8.8864,0.74,0.147,6540.0,True,Asignada
900463,Estandar,Bajo,0.6241,114,baja,5.0,baja,5.0,9.1541,0.71,0.143,6545.0,True,Asignada
900447,Estandar,Bajo,0.6675,114,baja,5.0,baja,5.0,8.5638,0.72,0.143,6550.0,True,Asignada
900433,Estandar,Bajo,0.5245,99,baja,5.0,baja,5.0,10.8646,0.7,0.14,6555.0,True,Asignada
900744,Estandar,Bajo,0.6351,128,baja,5.0,baja,5.0,8.9511,0.68,0.137,6560.0,True,Asignada
900647,Estandar,Bajo,0.6379,113,baja,5.0,baja,5.0,8.8708,0.66,0.132,6565.0,True,Asignada
900506,Estandar,Bajo,0.5137,109,baja,5.0,baja,5.0,10.6613,0.48,0.095,6570.0,True,Asignada
900785,Estandar,Bajo,0.5238,108,baja,5.0,baja,5.0,10.1794,0.33,0.066,6575.0,True,Asignada
900872,Estandar,Bajo,0.661,111,baja,5.0,baja,5.0,8.0003,0.29,0.058,6580.0,True,Asignada
900580,Estandar,Bajo,0.6351,128,baja,5.0,baja,5.0,8.1583,0.18,0.036,6585.0,True,Asignada
900141,Estandar,Bajo,0.6455,93,baja,5.0,baja,5.0,8.0159,0.17,0.035,6590.0,True,Asignada
900063,Estandar,Bajo,0.7129,118,baja,5.0,baja,5.0,7.2484,0.17,0.033,6595.0,True,Asignada
900760,Estandar,Bajo,0.7024,99,baja,5.0,baja,5.0,7.2905,0.12,0.024,6600.0,True,Asignada
900008,VIP,Alto,0.6534,120,,0.0,,0.0,,,,,False,Sin recompensa: riesgo alto
900009,Estandar,Bajo,0.6838,114,,0.0,,0.0,6.602,-0.49,-0.097,,False,Sin recompensa: valor esperado no positivo
900028,Estandar,Bajo,0.615,99,,0.0,,0.0,6.8095,-0.81,-0.162,,False,Sin recompensa: valor esperado no positivo
900043,VIP,Alto,0.6534,121,,0.0,,0.0,,,,,False,Sin recompensa: riesgo alto
900061,Alto,Alto,0.5017,117,,0.0,,0.0,,,,,False,Sin recompensa: riesgo alto
900062,VIP,Alto,0.6324,115,,0.0,,0.0,,,,,False,Sin recompensa: riesgo alto
900069,VIP,Alto,0.7066,121,,0.0,,0.0,,,,,False,Sin recompensa: riesgo alto
900074,VIP,Alto,0.6236,102,,0.0,,0.0,,,,,False,Sin recompensa: riesgo alto
900086,VIP,Alto,0.5895,117,,0.0,,0.0,,,,,False,Sin recompensa: riesgo alto
900089,VIP,Alto,0.709,114,,0.0,,0.0,,,,,False,Sin recompensa: riesgo alto
900098,VIP,Alto,0.709,89,,0.0,,0.0,,,,,False,Sin recompensa: riesgo alto
900102,VIP,Alto,0.6693,105,,0.0,,0.0,,,,,False,Sin recompensa: riesgo alto
900112,VIP,Alto,0.5776,104,,0.0,,0.0,,,,,False,Sin recompensa: riesgo alto
900114,VIP,Alto,0.6252,113,,0.0,,0.0,,,,,False,Sin recompensa: riesgo alto
900117,VIP,Alto,0.5306,107,,0.0,,0.0,,,,,False,Sin recompensa: riesgo alto
900122,Alto,Alto,0.5859,107,,0.0,,0.0,,,,,False,Sin recompensa: riesgo alto
900133,Alto,Alto,0.595,108,,0.0,,0.0,,,,,False,Sin recompensa: riesgo alto
900142,VIP,Alto,0.6614,129,,0.0,,0.0,,,,,False,Sin recompensa: riesgo alto
900144,VIP,Alto,0.6538,105,,0.0,,0.0,,,,,False,Sin recompensa: riesgo alto
900145,VIP,Alto,0.6267,111,,0.0,,0.0,,,,,False,Sin recompensa: riesgo alto
900153,VIP,Alto,0.4825,109,,0.0,,0.0,,,,,False,Sin recompensa: riesgo alto
900154,VIP,Alto,0.6335,95,,0.0,,0.0,,,,,False,Sin recompensa: riesgo alto
900189,VIP,Alto,0.6236,113,,0.0,,0.0,,,,,False,Sin recompensa: riesgo alto
900210,VIP,Alto,0.6499,110,,0.0,,0.0,,,,,False,Sin recompensa: riesgo alto
900215,VIP,Alto,0.6728,127,,0.0,,0.0,,,,,False,Sin recompensa: riesgo alto
900216,VIP,Alto,0.6697,102,,0.0,,0.0,,,,,False,Sin recompensa: riesgo alto
900217,VIP,Alto,0.709,93,,0.0,,0.0,,,,,False,Sin recompensa: riesgo alto
900218,VIP,Alto,0.709,120,,0.0,,0.0,,,,,False,Sin recompensa: riesgo alto
900243,Alto,Alto,0.5299,115,,0.0,,0.0,,,,,False,Sin recompensa: riesgo alto
900254,Estandar,Bajo,0.5742,107,,0.0,,0.0,8.4377,-0.16,-0.031,,False,Sin recompensa: valor esperado no positivo
900272,Alto,Alto,0.6213,107,,0.0,,0.0,,,,,False,Sin recompensa: riesgo alto
900305,VIP,Alto,0.6792,113,,0.0,,0.0,,,,,False,Sin recompensa: riesgo alto
900313,Alto,Alto,0.595,98,,0.0,,0.0,,,,,False,Sin recompensa: riesgo alto
900317,VIP,Alto,0.5558,114,,0.0,,0.0,,,,,False,Sin recompensa: riesgo alto
900325,Medio,Alto,0.6431,119,,0.0,,0.0,,,,,False,Sin recompensa: riesgo alto
900353,VIP,Alto,0.5127,110,,0.0,,0.0,,,,,False,Sin recompensa: riesgo alto
900377,VIP,Alto,0.6236,121,,0.0,,0.0,,,,,False,Sin recompensa: riesgo alto
900389,Medio,Alto,0.5606,106,,0.0,,0.0,,,,,False,Sin recompensa: riesgo alto
900390,VIP,Alto,0.709,116,,0.0,,0.0,,,,,False,Sin recompensa: riesgo alto
900402,VIP,Alto,0.6499,107,,0.0,,0.0,,,,,False,Sin recompensa: riesgo alto
900408,VIP,Alto,0.595,103,,0.0,,0.0,,,,,False,Sin recompensa: riesgo alto
900412,VIP,Alto,0.6252,116,,0.0,,0.0,,,,,False,Sin recompensa: riesgo alto
900425,VIP,Alto,0.6236,133,,0.0,,0.0,,,,,False,Sin recompensa: riesgo alto
900429,VIP,Alto,0.6728,116,,0.0,,0.0,,,,,False,Sin recompensa: riesgo alto
900482,VIP,Alto,0.5132,97,,0.0,,0.0,,,,,False,Sin recompensa: riesgo alto
900484,VIP,Alto,0.709,140,,0.0,,0.0,,,,,False,Sin recompensa: riesgo alto
900492,VIP,Alto,0.6728,117,,0.0,,0.0,,,,,False,Sin recompensa: riesgo alto
900507,Alto,Alto,0.605,112,,0.0,,0.0,,,,,False,Sin recompensa: riesgo alto
900513,Estandar,Bajo,0.7391,118,,0.0,,0.0,6.602,-0.12,-0.024,,False,Sin recompensa: valor esperado no positivo
900523,Alto,Alto,0.584,114,,0.0,,0.0,,,,,False,Sin recompensa: riesgo alto
900528,VIP,Alto,0.6756,100,,0.0,,0.0,,,,,False,Sin recompensa: riesgo alto
900537,VIP,Alto,0.6504,118,,0.0,,0.0,,,,,False,Sin recompensa: riesgo alto
900546,VIP,Alto,0.5568,106,,0.0,,0.0,,,,,False,Sin recompensa: riesgo alto
900563,VIP,Alto,0.6792,127,,0.0,,0.0,,,,,False,Sin recompensa: riesgo alto
900576,VIP,Alto,0.6499,122,,0.0,,0.0,,,,,False,Sin recompensa: riesgo alto
900623,Alto,Alto,0.548,116,,0.0,,0.0,,,,,False,Sin recompensa: riesgo alto
900629,VIP,Alto,0.6614,112,,0.0,,0.0,,,,,False,Sin recompensa: riesgo alto
900641,VIP,Alto,0.6038,104,,0.0,,0.0,,,,,False,Sin recompensa: riesgo alto
900651,Alto,Alto,0.6792,90,,0.0,,0.0,,,,,False,Sin recompensa: riesgo alto
900671,VIP,Alto,0.6128,116,,0.0,,0.0,,,,,False,Sin recompensa: riesgo alto
900678,VIP,Alto,0.709,102,,0.0,,0.0,,,,,False,Sin recompensa: riesgo alto
900686,VIP,Alto,0.6431,106,,0.0,,0.0,,,,,False,Sin recompensa: riesgo alto
900701,VIP,Alto,0.6431,108,,0.0,,0.0,,,,,False,Sin recompensa: riesgo alto
900730,VIP,Alto,0.5407,118,,0.0,,0.0,,,,,False,Sin recompensa: riesgo alto
900742,VIP,Alto,0.6431,125,,0.0,,0.0,,,,,False,Sin recompensa: riesgo alto
900743,VIP,Alto,0.625,108,,0.0,,0.0,,,,,False,Sin recompensa: riesgo alto
900787,VIP,Alto,0.5312,113,,0.0,,0.0,,,,,False,Sin recompensa: riesgo alto
900789,VIP,Alto,0.709,114,,0.0,,0.0,,,,,False,Sin recompensa: riesgo alto
900792,Alto,Alto,0.575,93,,0.0,,0.0,,,,,False,Sin recompensa: riesgo alto
900815,VIP,Alto,0.6499,115,,0.0,,0.0,,,,,False,Sin recompensa: riesgo alto
900819,VIP,Alto,0.7055,100,,0.0,,0.0,,,,,False,Sin recompensa: riesgo alto
900820,VIP,Alto,0.6728,111,,0.0,,0.0,,,,,False,Sin recompensa: riesgo alto
900841,Estandar,Bajo,0.5234,128,,0.0,,0.0,7.8223,-0.91,-0.181,,False,Sin recompensa: valor esperado no positivo
900853,VIP,Alto,0.6407,103,,0.0,,0.0,,,,,False,Sin recompensa: riesgo alto
900859,VIP,Alto,0.5776,107,,0.0,,0.0,,,,,False,Sin recompensa: riesgo alto
900887,VIP,Alto,0.709,120,,0.0,,0.0,,,,,False,Sin recompensa: riesgo alto
